Years to First Adjustment,1,2,3,4,5,6,7,8,9,10,11,12,13,14,15,16,17,18,19,20,21,22,23,24,25,26,27,28,29,30,31,32,33,34,35,36,37,38,39,40,41,42,43,44,45,46,47,48,49,50
1/4/2016,3.36,3.35,3.34,3.34,3.32,3.32,3.43,3.43,3.55,3.55,3.55,3.55,3.55,3.55,3.55,3.55,3.55,3.55,3.55,3.55,3.55,3.55,3.55,3.55,3.55,3.55,3.55,3.55,3.55,3.55,3.55,3.55,3.55,3.55,3.55,3.55,3.55,3.55,3.55,3.55,3.55,3.55,3.55,3.55,3.55,3.55,3.55,3.55,3.55,3.55
1/11/2016,3.37,3.34,3.34,3.34,3.34,3.34,3.48,3.48,3.58,3.58,3.58,3.58,3.58,3.58,3.58,3.58,3.58,3.58,3.58,3.58,3.58,3.58,3.58,3.58,3.58,3.58,3.58,3.58,3.58,3.58,3.58,3.58,3.58,3.58,3.58,3.58,3.58,3.58,3.58,3.58,3.58,3.58,3.58,3.58,3.58,3.58,3.58,3.58,3.58,3.58
1/18/2016,3.32,3.3,3.3,3.3,3.28,3.28,3.39,3.39,3.53,3.53,3.53,3.53,3.53,3.53,3.53,3.53,3.53,3.53,3.53,3.53,3.53,3.53,3.53,3.53,3.53,3.53,3.53,3.53,3.53,3.53,3.53,3.53,3.53,3.53,3.53,3.53,3.53,3.53,3.53,3.53,3.53,3.53,3.53,3.53,3.53,3.53,3.53,3.53,3.53,3.53
1/25/2016,3.17,3.18,3.17,3.17,3.14,3.14,3.25,3.25,3.41,3.41,3.41,3.41,3.41,3.41,3.41,3.41,3.41,3.41,3.41,3.41,3.41,3.41,3.41,3.41,3.41,3.41,3.41,3.41,3.41,3.41,3.41,3.41,3.41,3.41,3.41,3.41,3.41,3.41,3.41,3.41,3.41,3.41,3.41,3.41,3.41,3.41,3.41,3.41,3.41,3.41
2/1/2016,3.19,3.19,3.18,3.18,3.14,3.14,3.25,3.25,3.41,3.41,3.41,3.41,3.41,3.41,3.41,3.41,3.41,3.41,3.41,3.41,3.41,3.41,3.41,3.41,3.41,3.41,3.41,3.41,3.41,3.41,3.41,3.41,3.41,3.41,3.41,3.41,3.41,3.41,3.41,3.41,3.41,3.41,3.41,3.41,3.41,3.41,3.41,3.41,3.41,3.41
2/8/2016,3.22,3.19,3.18,3.18,3.15,3.15,3.26,3.26,3.41,3.41,3.41,3.41,3.41,3.41,3.41,3.41,3.41,3.41,3.41,3.41,3.41,3.41,3.41,3.41,3.41,3.41,3.41,3.41,3.41,3.41,3.41,3.41,3.41,3.41,3.41,3.41,3.41,3.41,3.41,3.41,3.41,3.41,3.41,3.41,3.41,3.41,3.41,3.41,3.41,3.41
2/15/2016,3.21,3.18,3.16,3.16,3.14,3.14,3.24,3.24,3.38,3.38,3.38,3.38,3.38,3.38,3.38,3.38,3.38,3.38,3.38,3.38,3.38,3.38,3.38,3.38,3.38,3.38,3.38,3.38,3.38,3.38,3.38,3.38,3.38,3.38,3.38,3.38,3.38,3.38,3.38,3.38,3.38,3.38,3.38,3.38,3.38,3.38,3.38,3.38,3.38,3.38
2/22/2016,3.22,3.2,3.18,3.18,3.15,3.15,3.24,3.24,3.38,3.38,3.38,3.38,3.38,3.38,3.38,3.38,3.38,3.38,3.38,3.38,3.38,3.38,3.38,3.38,3.38,3.38,3.38,3.38,3.38,3.38,3.38,3.38,3.38,3.38,3.38,3.38,3.38,3.38,3.38,3.38,3.38,3.38,3.38,3.38,3.38,3.38,3.38,3.38,3.38,3.38
2/29/2016,3.24,3.21,3.19,3.19,3.15,3.15,3.23,3.23,3.34,3.34,3.34,3.34,3.34,3.34,3.34,3.34,3.34,3.34,3.34,3.34,3.34,3.34,3.34,3.34,3.34,3.34,3.34,3.34,3.34,3.34,3.34,3.34,3.34,3.34,3.34,3.34,3.34,3.34,3.34,3.34,3.34,3.34,3.34,3.34,3.34,3.34,3.34,3.34,3.34,3.34
3/7/2016,3.35,3.31,3.28,3.28,3.25,3.25,3.32,3.32,3.41,3.41,3.41,3.41,3.41,3.41,3.41,3.41,3.41,3.41,3.41,3.41,3.41,3.41,3.41,3.41,3.41,3.41,3.41,3.41,3.41,3.41,3.41,3.41,3.41,3.41,3.41,3.41,3.41,3.41,3.41,3.41,3.41,3.41,3.41,3.41,3.41,3.41,3.41,3.41,3.41,3.41
3/14/2016,3.36,3.33,3.3,3.3,3.28,3.28,3.36,3.36,3.45,3.45,3.45,3.45,3.45,3.45,3.45,3.45,3.45,3.45,3.45,3.45,3.45,3.45,3.45,3.45,3.45,3.45,3.45,3.45,3.45,3.45,3.45,3.45,3.45,3.45,3.45,3.45,3.45,3.45,3.45,3.45,3.45,3.45,3.45,3.45,3.45,3.45,3.45,3.45,3.45,3.45
3/21/2016,3.38,3.35,3.33,3.33,3.3,3.3,3.37,3.37,3.46,3.46,3.46,3.46,3.46,3.46,3.46,3.46,3.46,3.46,3.46,3.46,3.46,3.46,3.46,3.46,3.46,3.46,3.46,3.46,3.46,3.46,3.46,3.46,3.46,3.46,3.46,3.46,3.46,3.46,3.46,3.46,3.46,3.46,3.46,3.46,3.46,3.46,3.46,3.46,3.46,3.46
3/28/2016,3.33,3.3,3.28,3.28,3.25,3.25,3.34,3.34,3.44,3.44,3.44,3.44,3.44,3.44,3.44,3.44,3.44,3.44,3.44,3.44,3.44,3.44,3.44,3.44,3.44,3.44,3.44,3.44,3.44,3.44,3.44,3.44,3.44,3.44,3.44,3.44,3.44,3.44,3.44,3.44,3.44,3.44,3.44,3.44,3.44,3.44,3.44,3.44,3.44,3.44
4/4/2016,3.31,3.28,3.26,3.26,3.25,3.25,3.34,3.34,3.45,3.45,3.45,3.45,3.45,3.45,3.45,3.45,3.45,3.45,3.45,3.45,3.45,3.45,3.45,3.45,3.45,3.45,3.45,3.45,3.45,3.45,3.45,3.45,3.45,3.45,3.45,3.45,3.45,3.45,3.45,3.45,3.45,3.45,3.45,3.45,3.45,3.45,3.45,3.45,3.45,3.45
4/11/2016,3.26,3.22,3.2,3.2,3.17,3.17,3.26,3.26,3.39,3.39,3.39,3.39,3.39,3.39,3.39,3.39,3.39,3.39,3.39,3.39,3.39,3.39,3.39,3.39,3.39,3.39,3.39,3.39,3.39,3.39,3.39,3.39,3.39,3.39,3.39,3.39,3.39,3.39,3.39,3.39,3.39,3.39,3.39,3.39,3.39,3.39,3.39,3.39,3.39,3.39
4/18/2016,3.23,3.2,3.17,3.17,3.15,3.15,3.25,3.25,3.38,3.38,3.38,3.38,3.38,3.38,3.38,3.38,3.38,3.38,3.38,3.38,3.38,3.38,3.38,3.38,3.38,3.38,3.38,3.38,3.38,3.38,3.38,3.38,3.38,3.38,3.38,3.38,3.38,3.38,3.38,3.38,3.38,3.38,3.38,3.38,3.38,3.38,3.38,3.38,3.38,3.38
4/25/2016,3.23,3.2,3.18,3.18,3.15,3.15,3.24,3.24,3.36,3.36,3.36,3.36,3.36,3.36,3.36,3.36,3.36,3.36,3.36,3.36,3.36,3.36,3.36,3.36,3.36,3.36,3.36,3.36,3.36,3.36,3.36,3.36,3.36,3.36,3.36,3.36,3.36,3.36,3.36,3.36,3.36,3.36,3.36,3.36,3.36,3.36,3.36,3.36,3.36,3.36
5/2/2016,3.28,3.26,3.22,3.22,3.2,3.2,3.29,3.29,3.41,3.41,3.41,3.41,3.41,3.41,3.41,3.41,3.41,3.41,3.41,3.41,3.41,3.41,3.41,3.41,3.41,3.41,3.41,3.41,3.41,3.41,3.41,3.41,3.41,3.41,3.41,3.41,3.41,3.41,3.41,3.41,3.41,3.41,3.41,3.41,3.41,3.41,3.41,3.41,3.41,3.41
5/9/2016,3.23,3.2,3.17,3.17,3.14,3.14,3.24,3.24,3.36,3.36,3.36,3.36,3.36,3.36,3.36,3.36,3.36,3.36,3.36,3.36,3.36,3.36,3.36,3.36,3.36,3.36,3.36,3.36,3.36,3.36,3.36,3.36,3.36,3.36,3.36,3.36,3.36,3.36,3.36,3.36,3.36,3.36,3.36,3.36,3.36,3.36,3.36,3.36,3.36,3.36
5/16/2016,3.22,3.19,3.16,3.16,3.13,3.13,3.22,3.22,3.35,3.35,3.35,3.35,3.35,3.35,3.35,3.35,3.35,3.35,3.35,3.35,3.35,3.35,3.35,3.35,3.35,3.35,3.35,3.35,3.35,3.35,3.35,3.35,3.35,3.35,3.35,3.35,3.35,3.35,3.35,3.35,3.35,3.35,3.35,3.35,3.35,3.35,3.35,3.35,3.35,3.35
5/23/2016,3.28,3.25,3.23,3.23,3.19,3.19,3.25,3.25,3.33,3.33,3.33,3.33,3.33,3.33,3.33,3.33,3.33,3.33,3.33,3.33,3.33,3.33,3.33,3.33,3.33,3.33,3.33,3.33,3.33,3.33,3.33,3.33,3.33,3.33,3.33,3.33,3.33,3.33,3.33,3.33,3.33,3.33,3.33,3.33,3.33,3.33,3.33,3.33,3.33,3.33
5/30/2016,3.37,3.34,3.3,3.3,3.28,3.28,3.34,3.34,3.41,3.41,3.41,3.41,3.41,3.41,3.41,3.41,3.41,3.41,3.41,3.41,3.41,3.41,3.41,3.41,3.41,3.41,3.41,3.41,3.41,3.41,3.41,3.41,3.41,3.41,3.41,3.41,3.41,3.41,3.41,3.41,3.41,3.41,3.41,3.41,3.41,3.41,3.41,3.41,3.41,3.41
6/6/2016,3.38,3.34,3.31,3.31,3.28,3.28,3.35,3.35,3.42,3.42,3.42,3.42,3.42,3.42,3.42,3.42,3.42,3.42,3.42,3.42,3.42,3.42,3.42,3.42,3.42,3.42,3.42,3.42,3.42,3.42,3.42,3.42,3.42,3.42,3.42,3.42,3.42,3.42,3.42,3.42,3.42,3.42,3.42,3.42,3.42,3.42,3.42,3.42,3.42,3.42
6/13/2016,3.3,3.26,3.24,3.24,3.2,3.2,3.27,3.27,3.36,3.36,3.36,3.36,3.36,3.36,3.36,3.36,3.36,3.36,3.36,3.36,3.36,3.36,3.36,3.36,3.36,3.36,3.36,3.36,3.36,3.36,3.36,3.36,3.36,3.36,3.36,3.36,3.36,3.36,3.36,3.36,3.36,3.36,3.36,3.36,3.36,3.36,3.36,3.36,3.36,3.36
6/20/2016,3.24,3.2,3.17,3.17,3.13,3.13,3.2,3.2,3.28,3.28,3.28,3.28,3.28,3.28,3.28,3.28,3.28,3.28,3.28,3.28,3.28,3.28,3.28,3.28,3.28,3.28,3.28,3.28,3.28,3.28,3.28,3.28,3.28,3.28,3.28,3.28,3.28,3.28,3.28,3.28,3.28,3.28,3.28,3.28,3.28,3.28,3.28,3.28,3.28,3.28
6/27/2016,3.25,3.22,3.18,3.18,3.15,3.15,3.21,3.21,3.3,3.3,3.3,3.3,3.3,3.3,3.3,3.3,3.3,3.3,3.3,3.3,3.3,3.3,3.3,3.3,3.3,3.3,3.3,3.3,3.3,3.3,3.3,3.3,3.3,3.3,3.3,3.3,3.3,3.3,3.3,3.3,3.3,3.3,3.3,3.3,3.3,3.3,3.3,3.3,3.3,3.3
7/4/2016,3.15,3.12,3.09,3.09,3.06,3.06,3.12,3.12,3.21,3.21,3.21,3.21,3.21,3.21,3.21,3.21,3.21,3.21,3.21,3.21,3.21,3.21,3.21,3.21,3.21,3.21,3.21,3.21,3.21,3.21,3.21,3.21,3.21,3.21,3.21,3.21,3.21,3.21,3.21,3.21,3.21,3.21,3.21,3.21,3.21,3.21,3.21,3.21,3.21,3.21
7/11/2016,3.19,3.16,3.13,3.13,3.06,3.06,3.12,3.12,3.19,3.19,3.19,3.19,3.19,3.19,3.19,3.19,3.19,3.19,3.19,3.19,3.19,3.19,3.19,3.19,3.19,3.19,3.19,3.19,3.19,3.19,3.19,3.19,3.19,3.19,3.19,3.19,3.19,3.19,3.19,3.19,3.19,3.19,3.19,3.19,3.19,3.19,3.19,3.19,3.19,3.19
7/18/2016,3.27,3.24,3.19,3.19,3.11,3.11,3.17,3.17,3.23,3.23,3.23,3.23,3.23,3.23,3.23,3.23,3.23,3.23,3.23,3.23,3.23,3.23,3.23,3.23,3.23,3.23,3.23,3.23,3.23,3.23,3.23,3.23,3.23,3.23,3.23,3.23,3.23,3.23,3.23,3.23,3.23,3.23,3.23,3.23,3.23,3.23,3.23,3.23,3.23,3.23
7/25/2016,3.28,3.25,3.21,3.21,3.15,3.15,3.21,3.21,3.29,3.29,3.29,3.29,3.29,3.29,3.29,3.29,3.29,3.29,3.29,3.29,3.29,3.29,3.29,3.29,3.29,3.29,3.29,3.29,3.29,3.29,3.29,3.29,3.29,3.29,3.29,3.29,3.29,3.29,3.29,3.29,3.29,3.29,3.29,3.29,3.29,3.29,3.29,3.29,3.29,3.29
8/1/2016,3.29,3.26,3.22,3.22,3.15,3.15,3.21,3.21,3.28,3.28,3.28,3.28,3.28,3.28,3.28,3.28,3.28,3.28,3.28,3.28,3.28,3.28,3.28,3.28,3.28,3.28,3.28,3.28,3.28,3.28,3.28,3.28,3.28,3.28,3.28,3.28,3.28,3.28,3.28,3.28,3.28,3.28,3.28,3.28,3.28,3.28,3.28,3.28,3.28,3.28
8/8/2016,3.25,3.21,3.18,3.18,3.11,3.11,3.18,3.18,3.26,3.26,3.26,3.26,3.26,3.26,3.26,3.26,3.26,3.26,3.26,3.26,3.26,3.26,3.26,3.26,3.26,3.26,3.26,3.26,3.26,3.26,3.26,3.26,3.26,3.26,3.26,3.26,3.26,3.26,3.26,3.26,3.26,3.26,3.26,3.26,3.26,3.26,3.26,3.26,3.26,3.26
8/15/2016,3.31,3.27,3.23,3.23,3.15,3.15,3.21,3.21,3.27,3.27,3.27,3.27,3.27,3.27,3.27,3.27,3.27,3.27,3.27,3.27,3.27,3.27,3.27,3.27,3.27,3.27,3.27,3.27,3.27,3.27,3.27,3.27,3.27,3.27,3.27,3.27,3.27,3.27,3.27,3.27,3.27,3.27,3.27,3.27,3.27,3.27,3.27,3.27,3.27,3.27
8/22/2016,3.32,3.28,3.23,3.23,3.15,3.15,3.21,3.21,3.26,3.26,3.26,3.26,3.26,3.26,3.26,3.26,3.26,3.26,3.26,3.26,3.26,3.26,3.26,3.26,3.26,3.26,3.26,3.26,3.26,3.26,3.26,3.26,3.26,3.26,3.26,3.26,3.26,3.26,3.26,3.26,3.26,3.26,3.26,3.26,3.26,3.26,3.26,3.26,3.26,3.26
8/29/2016,3.31,3.28,3.23,3.23,3.15,3.15,3.21,3.21,3.25,3.25,3.25,3.25,3.25,3.25,3.25,3.25,3.25,3.25,3.25,3.25,3.25,3.25,3.25,3.25,3.25,3.25,3.25,3.25,3.25,3.25,3.25,3.25,3.25,3.25,3.25,3.25,3.25,3.25,3.25,3.25,3.25,3.25,3.25,3.25,3.25,3.25,3.25,3.25,3.25,3.25
9/5/2016,3.35,3.31,3.26,3.26,3.17,3.17,3.23,3.23,3.25,3.25,3.25,3.25,3.25,3.25,3.25,3.25,3.25,3.25,3.25,3.25,3.25,3.25,3.25,3.25,3.25,3.25,3.25,3.25,3.25,3.25,3.25,3.25,3.25,3.25,3.25,3.25,3.25,3.25,3.25,3.25,3.25,3.25,3.25,3.25,3.25,3.25,3.25,3.25,3.25,3.25
9/12/2016,3.33,3.29,3.25,3.25,3.17,3.17,3.24,3.24,3.29,3.29,3.29,3.29,3.29,3.29,3.29,3.29,3.29,3.29,3.29,3.29,3.29,3.29,3.29,3.29,3.29,3.29,3.29,3.29,3.29,3.29,3.29,3.29,3.29,3.29,3.29,3.29,3.29,3.29,3.29,3.29,3.29,3.29,3.29,3.29,3.29,3.29,3.29,3.29,3.29,3.29
9/19/2016,3.36,3.32,3.27,3.27,3.19,3.19,3.27,3.27,3.34,3.34,3.34,3.34,3.34,3.34,3.34,3.34,3.34,3.34,3.34,3.34,3.34,3.34,3.34,3.34,3.34,3.34,3.34,3.34,3.34,3.34,3.34,3.34,3.34,3.34,3.34,3.34,3.34,3.34,3.34,3.34,3.34,3.34,3.34,3.34,3.34,3.34,3.34,3.34,3.34,3.34
9/26/2016,3.31,3.27,3.24,3.24,3.2,3.2,3.27,3.27,3.34,3.34,3.34,3.34,3.34,3.34,3.34,3.34,3.34,3.34,3.34,3.34,3.34,3.34,3.34,3.34,3.34,3.34,3.34,3.34,3.34,3.34,3.34,3.34,3.34,3.34,3.34,3.34,3.34,3.34,3.34,3.34,3.34,3.34,3.34,3.34,3.34,3.34,3.34,3.34,3.34,3.34
10/3/2016,3.29,3.25,3.22,3.22,3.18,3.18,3.25,3.25,3.31,3.31,3.31,3.31,3.31,3.31,3.31,3.31,3.31,3.31,3.31,3.31,3.31,3.31,3.31,3.31,3.31,3.31,3.31,3.31,3.31,3.31,3.31,3.31,3.31,3.31,3.31,3.31,3.31,3.31,3.31,3.31,3.31,3.31,3.31,3.31,3.31,3.31,3.31,3.31,3.31,3.31
10/10/2016,3.33,3.29,3.27,3.27,3.21,3.21,3.27,3.27,3.34,3.34,3.34,3.34,3.34,3.34,3.34,3.34,3.34,3.34,3.34,3.34,3.34,3.34,3.34,3.34,3.34,3.34,3.34,3.34,3.34,3.34,3.34,3.34,3.34,3.34,3.34,3.34,3.34,3.34,3.34,3.34,3.34,3.34,3.34,3.34,3.34,3.34,3.34,3.34,3.34,3.34
10/17/2016,3.37,3.32,3.3,3.3,3.24,3.24,3.31,3.31,3.37,3.37,3.37,3.37,3.37,3.37,3.37,3.37,3.37,3.37,3.37,3.37,3.37,3.37,3.37,3.37,3.37,3.37,3.37,3.37,3.37,3.37,3.37,3.37,3.37,3.37,3.37,3.37,3.37,3.37,3.37,3.37,3.37,3.37,3.37,3.37,3.37,3.37,3.37,3.37,3.37,3.37
10/24/2016,3.34,3.35,3.28,3.28,3.23,3.23,3.31,3.31,3.4,3.4,3.4,3.4,3.4,3.4,3.4,3.4,3.4,3.4,3.4,3.4,3.4,3.4,3.4,3.4,3.4,3.4,3.4,3.4,3.4,3.4,3.4,3.4,3.4,3.4,3.4,3.4,3.4,3.4,3.4,3.4,3.4,3.4,3.4,3.4,3.4,3.4,3.4,3.4,3.4,3.4
10/31/2016,3.34,3.31,3.27,3.27,3.24,3.24,3.3,3.3,3.39,3.39,3.39,3.39,3.39,3.39,3.39,3.39,3.39,3.39,3.39,3.39,3.39,3.39,3.39,3.39,3.39,3.39,3.39,3.39,3.39,3.39,3.39,3.39,3.39,3.39,3.39,3.39,3.39,3.39,3.39,3.39,3.39,3.39,3.39,3.39,3.39,3.39,3.39,3.39,3.39,3.39
11/7/2016,3.34,3.31,3.28,3.28,3.24,3.24,3.32,3.32,3.43,3.43,3.43,3.43,3.43,3.43,3.43,3.43,3.43,3.43,3.43,3.43,3.43,3.43,3.43,3.43,3.43,3.43,3.43,3.43,3.43,3.43,3.43,3.43,3.43,3.43,3.43,3.43,3.43,3.43,3.43,3.43,3.43,3.43,3.43,3.43,3.43,3.43,3.43,3.43,3.43,3.43
11/14/2016,3.38,3.34,3.31,3.31,3.27,3.27,3.36,3.36,3.47,3.47,3.47,3.47,3.47,3.47,3.47,3.47,3.47,3.47,3.47,3.47,3.47,3.47,3.47,3.47,3.47,3.47,3.47,3.47,3.47,3.47,3.47,3.47,3.47,3.47,3.47,3.47,3.47,3.47,3.47,3.47,3.47,3.47,3.47,3.47,3.47,3.47,3.47,3.47,3.47,3.47
11/21/2016,3.45,3.41,3.39,3.39,3.39,3.39,3.5,3.5,3.62,3.62,3.62,3.62,3.62,3.62,3.62,3.62,3.62,3.62,3.62,3.62,3.62,3.62,3.62,3.62,3.62,3.62,3.62,3.62,3.62,3.62,3.62,3.62,3.62,3.62,3.62,3.62,3.62,3.62,3.62,3.62,3.62,3.62,3.62,3.62,3.62,3.62,3.62,3.62,3.62,3.62
11/28/2016,3.48,3.44,3.44,3.44,3.42,3.42,3.53,3.53,3.64,3.64,3.64,3.64,3.64,3.64,3.64,3.64,3.64,3.64,3.64,3.64,3.64,3.64,3.64,3.64,3.64,3.64,3.64,3.64,3.64,3.64,3.64,3.64,3.64,3.64,3.64,3.64,3.64,3.64,3.64,3.64,3.64,3.64,3.64,3.64,3.64,3.64,3.64,3.64,3.64,3.64
12/5/2016,3.47,3.44,3.43,3.43,3.43,3.43,3.54,3.54,3.65,3.65,3.65,3.65,3.65,3.65,3.65,3.65,3.65,3.65,3.65,3.65,3.65,3.65,3.65,3.65,3.65,3.65,3.65,3.65,3.65,3.65,3.65,3.65,3.65,3.65,3.65,3.65,3.65,3.65,3.65,3.65,3.65,3.65,3.65,3.65,3.65,3.65,3.65,3.65,3.65,3.65
12/12/2016,3.5,3.48,3.47,3.47,3.47,3.47,3.58,3.58,3.7,3.7,3.7,3.7,3.7,3.7,3.7,3.7,3.7,3.7,3.7,3.7,3.7,3.7,3.7,3.7,3.7,3.7,3.7,3.7,3.7,3.7,3.7,3.7,3.7,3.7,3.7,3.7,3.7,3.7,3.7,3.7,3.7,3.7,3.7,3.7,3.7,3.7,3.7,3.7,3.7,3.7
12/19/2016,3.55,3.52,3.51,3.51,3.5,3.5,3.61,3.61,3.73,3.73,3.73,3.73,3.73,3.73,3.73,3.73,3.73,3.73,3.73,3.73,3.73,3.73,3.73,3.73,3.73,3.73,3.73,3.73,3.73,3.73,3.73,3.73,3.73,3.73,3.73,3.73,3.73,3.73,3.73,3.73,3.73,3.73,3.73,3.73,3.73,3.73,3.73,3.73,3.73,3.73
12/26/2016,3.58,3.55,3.56,3.56,3.55,3.55,3.67,3.67,3.79,3.79,3.79,3.79,3.79,3.79,3.79,3.79,3.79,3.79,3.79,3.79,3.79,3.79,3.79,3.79,3.79,3.79,3.79,3.79,3.79,3.79,3.79,3.79,3.79,3.79,3.79,3.79,3.79,3.79,3.79,3.79,3.79,3.79,3.79,3.79,3.79,3.79,3.79,3.79,3.79,3.79
1/2/2017,3.6,3.56,3.57,3.57,3.56,3.56,3.66,3.66,3.77,3.77,3.77,3.77,3.77,3.77,3.77,3.77,3.77,3.77,3.77,3.77,3.77,3.77,3.77,3.77,3.77,3.77,3.77,3.77,3.77,3.77,3.77,3.77,3.77,3.77,3.77,3.77,3.77,3.77,3.77,3.77,3.77,3.77,3.77,3.77,3.77,3.77,3.77,3.77,3.77,3.77
1/9/2017,3.59,3.56,3.55,3.55,3.55,3.55,3.67,3.67,3.79,3.79,3.79,3.79,3.79,3.79,3.79,3.79,3.79,3.79,3.79,3.79,3.79,3.79,3.79,3.79,3.79,3.79,3.79,3.79,3.79,3.79,3.79,3.79,3.79,3.79,3.79,3.79,3.79,3.79,3.79,3.79,3.79,3.79,3.79,3.79,3.79,3.79,3.79,3.79,3.79,3.79
1/16/2017,3.52,3.5,3.5,3.5,3.48,3.48,3.58,3.58,3.7,3.7,3.7,3.7,3.7,3.7,3.7,3.7,3.7,3.7,3.7,3.7,3.7,3.7,3.7,3.7,3.7,3.7,3.7,3.7,3.7,3.7,3.7,3.7,3.7,3.7,3.7,3.7,3.7,3.7,3.7,3.7,3.7,3.7,3.7,3.7,3.7,3.7,3.7,3.7,3.7,3.7
1/23/2017,3.52,3.5,3.48,3.48,3.46,3.46,3.56,3.56,3.67,3.67,3.67,3.67,3.67,3.67,3.67,3.67,3.67,3.67,3.67,3.67,3.67,3.67,3.67,3.67,3.67,3.67,3.67,3.67,3.67,3.67,3.67,3.67,3.67,3.67,3.67,3.67,3.67,3.67,3.67,3.67,3.67,3.67,3.67,3.67,3.67,3.67,3.67,3.67,3.67,3.67
1/30/2017,3.49,3.48,3.47,3.47,3.46,3.46,3.57,3.57,3.69,3.69,3.69,3.69,3.69,3.69,3.69,3.69,3.69,3.69,3.69,3.69,3.69,3.69,3.69,3.69,3.69,3.69,3.69,3.69,3.69,3.69,3.69,3.69,3.69,3.69,3.69,3.69,3.69,3.69,3.69,3.69,3.69,3.69,3.69,3.69,3.69,3.69,3.69,3.69,3.69,3.69
2/6/2017,3.53,3.51,3.5,3.5,3.48,3.48,3.6,3.6,3.73,3.73,3.73,3.73,3.73,3.73,3.73,3.73,3.73,3.73,3.73,3.73,3.73,3.73,3.73,3.73,3.73,3.73,3.73,3.73,3.73,3.73,3.73,3.73,3.73,3.73,3.73,3.73,3.73,3.73,3.73,3.73,3.73,3.73,3.73,3.73,3.73,3.73,3.73,3.73,3.73,3.73
2/13/2017,3.5,3.48,3.47,3.47,3.45,3.45,3.57,3.57,3.7,3.7,3.7,3.7,3.7,3.7,3.7,3.7,3.7,3.7,3.7,3.7,3.7,3.7,3.7,3.7,3.7,3.7,3.7,3.7,3.7,3.7,3.7,3.7,3.7,3.7,3.7,3.7,3.7,3.7,3.7,3.7,3.7,3.7,3.7,3.7,3.7,3.7,3.7,3.7,3.7,3.7
2/20/2017,3.54,3.52,3.51,3.51,3.47,3.47,3.58,3.58,3.67,3.67,3.67,3.67,3.67,3.67,3.67,3.67,3.67,3.67,3.67,3.67,3.67,3.67,3.67,3.67,3.67,3.67,3.67,3.67,3.67,3.67,3.67,3.67,3.67,3.67,3.67,3.67,3.67,3.67,3.67,3.67,3.67,3.67,3.67,3.67,3.67,3.67,3.67,3.67,3.67,3.67
2/27/2017,3.55,3.53,3.51,3.51,3.46,3.46,3.56,3.56,3.66,3.66,3.66,3.66,3.66,3.66,3.66,3.66,3.66,3.66,3.66,3.66,3.66,3.66,3.66,3.66,3.66,3.66,3.66,3.66,3.66,3.66,3.66,3.66,3.66,3.66,3.66,3.66,3.66,3.66,3.66,3.66,3.66,3.66,3.66,3.66,3.66,3.66,3.66,3.66,3.66,3.66
3/6/2017,3.59,3.56,3.53,3.53,3.48,3.48,3.56,3.56,3.64,3.64,3.64,3.64,3.64,3.64,3.64,3.64,3.64,3.64,3.64,3.64,3.64,3.64,3.64,3.64,3.64,3.64,3.64,3.64,3.64,3.64,3.64,3.64,3.64,3.64,3.64,3.64,3.64,3.64,3.64,3.64,3.64,3.64,3.64,3.64,3.64,3.64,3.64,3.64,3.64,3.64
3/13/2017,3.7,3.66,3.63,3.63,3.6,3.6,3.68,3.68,3.76,3.76,3.76,3.76,3.76,3.76,3.76,3.76,3.76,3.76,3.76,3.76,3.76,3.76,3.76,3.76,3.76,3.76,3.76,3.76,3.76,3.76,3.76,3.76,3.76,3.76,3.76,3.76,3.76,3.76,3.76,3.76,3.76,3.76,3.76,3.76,3.76,3.76,3.76,3.76,3.76,3.76
3/20/2017,3.74,3.69,3.67,3.67,3.64,3.64,3.72,3.72,3.8,3.8,3.8,3.8,3.8,3.8,3.8,3.8,3.8,3.8,3.8,3.8,3.8,3.8,3.8,3.8,3.8,3.8,3.8,3.8,3.8,3.8,3.8,3.8,3.8,3.8,3.8,3.8,3.8,3.8,3.8,3.8,3.8,3.8,3.8,3.8,3.8,3.8,3.8,3.8,3.8,3.8
3/27/2017,3.7,3.65,3.62,3.62,3.6,3.6,3.67,3.67,3.75,3.75,3.75,3.75,3.75,3.75,3.75,3.75,3.75,3.75,3.75,3.75,3.75,3.75,3.75,3.75,3.75,3.75,3.75,3.75,3.75,3.75,3.75,3.75,3.75,3.75,3.75,3.75,3.75,3.75,3.75,3.75,3.75,3.75,3.75,3.75,3.75,3.75,3.75,3.75,3.75,3.75
4/3/2017,3.71,3.66,3.63,3.63,3.59,3.59,3.65,3.65,3.72,3.72,3.72,3.72,3.72,3.72,3.72,3.72,3.72,3.72,3.72,3.72,3.72,3.72,3.72,3.72,3.72,3.72,3.72,3.72,3.72,3.72,3.72,3.72,3.72,3.72,3.72,3.72,3.72,3.72,3.72,3.72,3.72,3.72,3.72,3.72,3.72,3.72,3.72,3.72,3.72,3.72
4/10/2017,3.76,3.69,3.65,3.65,3.6,3.6,3.66,3.66,3.74,3.74,3.74,3.74,3.74,3.74,3.74,3.74,3.74,3.74,3.74,3.74,3.74,3.74,3.74,3.74,3.74,3.74,3.74,3.74,3.74,3.74,3.74,3.74,3.74,3.74,3.74,3.74,3.74,3.74,3.74,3.74,3.74,3.74,3.74,3.74,3.74,3.74,3.74,3.74,3.74,3.74
4/17/2017,3.78,3.71,3.67,3.67,3.61,3.61,3.67,3.67,3.74,3.74,3.74,3.74,3.74,3.74,3.74,3.74,3.74,3.74,3.74,3.74,3.74,3.74,3.74,3.74,3.74,3.74,3.74,3.74,3.74,3.74,3.74,3.74,3.74,3.74,3.74,3.74,3.74,3.74,3.74,3.74,3.74,3.74,3.74,3.74,3.74,3.74,3.74,3.74,3.74,3.74
4/24/2017,3.76,3.68,3.64,3.64,3.57,3.57,3.62,3.62,3.68,3.68,3.68,3.68,3.68,3.68,3.68,3.68,3.68,3.68,3.68,3.68,3.68,3.68,3.68,3.68,3.68,3.68,3.68,3.68,3.68,3.68,3.68,3.68,3.68,3.68,3.68,3.68,3.68,3.68,3.68,3.68,3.68,3.68,3.68,3.68,3.68,3.68,3.68,3.68,3.68,3.68
5/1/2017,3.79,3.72,3.67,3.67,3.59,3.59,3.65,3.65,3.71,3.71,3.71,3.71,3.71,3.71,3.71,3.71,3.71,3.71,3.71,3.71,3.71,3.71,3.71,3.71,3.71,3.71,3.71,3.71,3.71,3.71,3.71,3.71,3.71,3.71,3.71,3.71,3.71,3.71,3.71,3.71,3.71,3.71,3.71,3.71,3.71,3.71,3.71,3.71,3.71,3.71
5/8/2017,3.81,3.75,3.69,3.69,3.62,3.62,3.67,3.67,3.74,3.74,3.74,3.74,3.74,3.74,3.74,3.74,3.74,3.74,3.74,3.74,3.74,3.74,3.74,3.74,3.74,3.74,3.74,3.74,3.74,3.74,3.74,3.74,3.74,3.74,3.74,3.74,3.74,3.74,3.74,3.74,3.74,3.74,3.74,3.74,3.74,3.74,3.74,3.74,3.74,3.74
5/15/2017,3.85,3.79,3.73,3.73,3.65,3.65,3.7,3.7,3.76,3.76,3.76,3.76,3.76,3.76,3.76,3.76,3.76,3.76,3.76,3.76,3.76,3.76,3.76,3.76,3.76,3.76,3.76,3.76,3.76,3.76,3.76,3.76,3.76,3.76,3.76,3.76,3.76,3.76,3.76,3.76,3.76,3.76,3.76,3.76,3.76,3.76,3.76,3.76,3.76,3.76
5/22/2017,3.82,3.76,3.7,3.7,3.63,3.63,3.67,3.67,3.73,3.73,3.73,3.73,3.73,3.73,3.73,3.73,3.73,3.73,3.73,3.73,3.73,3.73,3.73,3.73,3.73,3.73,3.73,3.73,3.73,3.73,3.73,3.73,3.73,3.73,3.73,3.73,3.73,3.73,3.73,3.73,3.73,3.73,3.73,3.73,3.73,3.73,3.73,3.73,3.73,3.73
5/29/2017,3.87,3.79,3.73,3.73,3.63,3.63,3.66,3.66,3.7,3.7,3.7,3.7,3.7,3.7,3.7,3.7,3.7,3.7,3.7,3.7,3.7,3.7,3.7,3.7,3.7,3.7,3.7,3.7,3.7,3.7,3.7,3.7,3.7,3.7,3.7,3.7,3.7,3.7,3.7,3.7,3.7,3.7,3.7,3.7,3.7,3.7,3.7,3.7,3.7,3.7
6/5/2017,3.89,3.81,3.74,3.74,3.67,3.67,3.7,3.7,3.74,3.74,3.74,3.74,3.74,3.74,3.74,3.74,3.74,3.74,3.74,3.74,3.74,3.74,3.74,3.74,3.74,3.74,3.74,3.74,3.74,3.74,3.74,3.74,3.74,3.74,3.74,3.74,3.74,3.74,3.74,3.74,3.74,3.74,3.74,3.74,3.74,3.74,3.74,3.74,3.74,3.74
6/12/2017,3.88,3.81,3.74,3.74,3.66,3.66,3.69,3.69,3.73,3.73,3.73,3.73,3.73,3.73,3.73,3.73,3.73,3.73,3.73,3.73,3.73,3.73,3.73,3.73,3.73,3.73,3.73,3.73,3.73,3.73,3.73,3.73,3.73,3.73,3.73,3.73,3.73,3.73,3.73,3.73,3.73,3.73,3.73,3.73,3.73,3.73,3.73,3.73,3.73,3.73
6/19/2017,3.91,3.84,3.78,3.78,3.7,3.7,3.72,3.72,3.75,3.75,3.75,3.75,3.75,3.75,3.75,3.75,3.75,3.75,3.75,3.75,3.75,3.75,3.75,3.75,3.75,3.75,3.75,3.75,3.75,3.75,3.75,3.75,3.75,3.75,3.75,3.75,3.75,3.75,3.75,3.75,3.75,3.75,3.75,3.75,3.75,3.75,3.75,3.75,3.75,3.75
6/26/2017,3.93,3.85,3.79,3.79,3.71,3.71,3.72,3.72,3.74,3.74,3.74,3.74,3.74,3.74,3.74,3.74,3.74,3.74,3.74,3.74,3.74,3.74,3.74,3.74,3.74,3.74,3.74,3.74,3.74,3.74,3.74,3.74,3.74,3.74,3.74,3.74,3.74,3.74,3.74,3.74,3.74,3.74,3.74,3.74,3.74,3.74,3.74,3.74,3.74,3.74
7/3/2017,3.92,3.84,3.79,3.79,3.71,3.71,3.73,3.73,3.75,3.75,3.75,3.75,3.75,3.75,3.75,3.75,3.75,3.75,3.75,3.75,3.75,3.75,3.75,3.75,3.75,3.75,3.75,3.75,3.75,3.75,3.75,3.75,3.75,3.75,3.75,3.75,3.75,3.75,3.75,3.75,3.75,3.75,3.75,3.75,3.75,3.75,3.75,3.75,3.75,3.75
7/10/2017,3.94,3.87,3.82,3.82,3.75,3.75,3.78,3.78,3.8,3.8,3.8,3.8,3.8,3.8,3.8,3.8,3.8,3.8,3.8,3.8,3.8,3.8,3.8,3.8,3.8,3.8,3.8,3.8,3.8,3.8,3.8,3.8,3.8,3.8,3.8,3.8,3.8,3.8,3.8,3.8,3.8,3.8,3.8,3.8,3.8,3.8,3.8,3.8,3.8,3.8
7/17/2017,3.92,3.85,3.8,3.8,3.75,3.75,3.8,3.8,3.86,3.86,3.86,3.86,3.86,3.86,3.86,3.86,3.86,3.86,3.86,3.86,3.86,3.86,3.86,3.86,3.86,3.86,3.86,3.86,3.86,3.86,3.86,3.86,3.86,3.86,3.86,3.86,3.86,3.86,3.86,3.86,3.86,3.86,3.86,3.86,3.86,3.86,3.86,3.86,3.86,3.86
7/24/2017,3.92,3.84,3.79,3.79,3.73,3.73,3.77,3.77,3.81,3.81,3.81,3.81,3.81,3.81,3.81,3.81,3.81,3.81,3.81,3.81,3.81,3.81,3.81,3.81,3.81,3.81,3.81,3.81,3.81,3.81,3.81,3.81,3.81,3.81,3.81,3.81,3.81,3.81,3.81,3.81,3.81,3.81,3.81,3.81,3.81,3.81,3.81,3.81,3.81,3.81
7/31/2017,3.93,3.86,3.8,3.8,3.73,3.73,3.76,3.76,3.8,3.8,3.8,3.8,3.8,3.8,3.8,3.8,3.8,3.8,3.8,3.8,3.8,3.8,3.8,3.8,3.8,3.8,3.8,3.8,3.8,3.8,3.8,3.8,3.8,3.8,3.8,3.8,3.8,3.8,3.8,3.8,3.8,3.8,3.8,3.8,3.8,3.8,3.8,3.8,3.8,3.8
8/7/2017,3.93,3.86,3.8,3.8,3.72,3.72,3.75,3.75,3.79,3.79,3.79,3.79,3.79,3.79,3.79,3.79,3.79,3.79,3.79,3.79,3.79,3.79,3.79,3.79,3.79,3.79,3.79,3.79,3.79,3.79,3.79,3.79,3.79,3.79,3.79,3.79,3.79,3.79,3.79,3.79,3.79,3.79,3.79,3.79,3.79,3.79,3.79,3.79,3.79,3.79
8/14/2017,3.93,3.85,3.79,3.79,3.71,3.71,3.74,3.74,3.77,3.77,3.77,3.77,3.77,3.77,3.77,3.77,3.77,3.77,3.77,3.77,3.77,3.77,3.77,3.77,3.77,3.77,3.77,3.77,3.77,3.77,3.77,3.77,3.77,3.77,3.77,3.77,3.77,3.77,3.77,3.77,3.77,3.77,3.77,3.77,3.77,3.77,3.77,3.77,3.77,3.77
8/21/2017,3.93,3.85,3.79,3.79,3.72,3.72,3.74,3.74,3.78,3.78,3.78,3.78,3.78,3.78,3.78,3.78,3.78,3.78,3.78,3.78,3.78,3.78,3.78,3.78,3.78,3.78,3.78,3.78,3.78,3.78,3.78,3.78,3.78,3.78,3.78,3.78,3.78,3.78,3.78,3.78,3.78,3.78,3.78,3.78,3.78,3.78,3.78,3.78,3.78,3.78
8/28/2017,3.93,3.85,3.8,3.8,3.73,3.73,3.75,3.75,3.78,3.78,3.78,3.78,3.78,3.78,3.78,3.78,3.78,3.78,3.78,3.78,3.78,3.78,3.78,3.78,3.78,3.78,3.78,3.78,3.78,3.78,3.78,3.78,3.78,3.78,3.78,3.78,3.78,3.78,3.78,3.78,3.78,3.78,3.78,3.78,3.78,3.78,3.78,3.78,3.78,3.78
9/4/2017,3.93,3.86,3.79,3.79,3.72,3.72,3.74,3.74,3.76,3.76,3.76,3.76,3.76,3.76,3.76,3.76,3.76,3.76,3.76,3.76,3.76,3.76,3.76,3.76,3.76,3.76,3.76,3.76,3.76,3.76,3.76,3.76,3.76,3.76,3.76,3.76,3.76,3.76,3.76,3.76,3.76,3.76,3.76,3.76,3.76,3.76,3.76,3.76,3.76,3.76
9/11/2017,3.94,3.86,3.79,3.79,3.72,3.72,3.74,3.74,3.76,3.76,3.76,3.76,3.76,3.76,3.76,3.76,3.76,3.76,3.76,3.76,3.76,3.76,3.76,3.76,3.76,3.76,3.76,3.76,3.76,3.76,3.76,3.76,3.76,3.76,3.76,3.76,3.76,3.76,3.76,3.76,3.76,3.76,3.76,3.76,3.76,3.76,3.76,3.76,3.76,3.76
9/18/2017,3.96,3.88,3.8,3.8,3.73,3.73,3.74,3.74,3.76,3.76,3.76,3.76,3.76,3.76,3.76,3.76,3.76,3.76,3.76,3.76,3.76,3.76,3.76,3.76,3.76,3.76,3.76,3.76,3.76,3.76,3.76,3.76,3.76,3.76,3.76,3.76,3.76,3.76,3.76,3.76,3.76,3.76,3.76,3.76,3.76,3.76,3.76,3.76,3.76,3.76
9/25/2017,4.03,3.94,3.86,3.86,3.77,3.77,3.78,3.78,3.79,3.79,3.79,3.79,3.79,3.79,3.79,3.79,3.79,3.79,3.79,3.79,3.79,3.79,3.79,3.79,3.79,3.79,3.79,3.79,3.79,3.79,3.79,3.79,3.79,3.79,3.79,3.79,3.79,3.79,3.79,3.79,3.79,3.79,3.79,3.79,3.79,3.79,3.79,3.79,3.79,3.79
10/2/2017,4.02,3.94,3.87,3.87,3.79,3.79,3.8,3.8,3.8,3.8,3.8,3.8,3.8,3.8,3.8,3.8,3.8,3.8,3.8,3.8,3.8,3.8,3.8,3.8,3.8,3.8,3.8,3.8,3.8,3.8,3.8,3.8,3.8,3.8,3.8,3.8,3.8,3.8,3.8,3.8,3.8,3.8,3.8,3.8,3.8,3.8,3.8,3.8,3.8,3.8
10/9/2017,4.03,3.95,3.87,3.87,3.78,3.78,3.79,3.79,3.8,3.8,3.8,3.8,3.8,3.8,3.8,3.8,3.8,3.8,3.8,3.8,3.8,3.8,3.8,3.8,3.8,3.8,3.8,3.8,3.8,3.8,3.8,3.8,3.8,3.8,3.8,3.8,3.8,3.8,3.8,3.8,3.8,3.8,3.8,3.8,3.8,3.8,3.8,3.8,3.8,3.8
10/16/2017,4.1,4.01,3.93,3.93,3.83,3.83,3.83,3.83,3.82,3.82,3.82,3.82,3.82,3.82,3.82,3.82,3.82,3.82,3.82,3.82,3.82,3.82,3.82,3.82,3.82,3.82,3.82,3.82,3.82,3.82,3.82,3.82,3.82,3.82,3.82,3.82,3.82,3.82,3.82,3.82,3.82,3.82,3.82,3.82,3.82,3.82,3.82,3.82,3.82,3.82
10/23/2017,4.11,4.02,3.94,3.94,3.84,3.84,3.82,3.82,3.79,3.79,3.79,3.79,3.79,3.79,3.79,3.79,3.79,3.79,3.79,3.79,3.79,3.79,3.79,3.79,3.79,3.79,3.79,3.79,3.79,3.79,3.79,3.79,3.79,3.79,3.79,3.79,3.79,3.79,3.79,3.79,3.79,3.79,3.79,3.79,3.79,3.79,3.79,3.79,3.79,3.79
10/30/2017,4.14,4.04,3.96,3.96,3.86,3.86,3.85,3.85,3.84,3.84,3.84,3.84,3.84,3.84,3.84,3.84,3.84,3.84,3.84,3.84,3.84,3.84,3.84,3.84,3.84,3.84,3.84,3.84,3.84,3.84,3.84,3.84,3.84,3.84,3.84,3.84,3.84,3.84,3.84,3.84,3.84,3.84,3.84,3.84,3.84,3.84,3.84,3.84,3.84,3.84
11/6/2017,4.15,4.05,3.98,3.98,3.88,3.88,3.87,3.87,3.86,3.86,3.86,3.86,3.86,3.86,3.86,3.86,3.86,3.86,3.86,3.86,3.86,3.86,3.86,3.86,3.86,3.86,3.86,3.86,3.86,3.86,3.86,3.86,3.86,3.86,3.86,3.86,3.86,3.86,3.86,3.86,3.86,3.86,3.86,3.86,3.86,3.86,3.86,3.86,3.86,3.86
11/13/2017,4.18,4.08,4,4,3.9,3.9,3.88,3.88,3.86,3.86,3.86,3.86,3.86,3.86,3.86,3.86,3.86,3.86,3.86,3.86,3.86,3.86,3.86,3.86,3.86,3.86,3.86,3.86,3.86,3.86,3.86,3.86,3.86,3.86,3.86,3.86,3.86,3.86,3.86,3.86,3.86,3.86,3.86,3.86,3.86,3.86,3.86,3.86,3.86,3.86
11/20/2017,4.23,4.14,4.05,4.05,3.94,3.94,3.9,3.9,3.85,3.85,3.85,3.85,3.85,3.85,3.85,3.85,3.85,3.85,3.85,3.85,3.85,3.85,3.85,3.85,3.85,3.85,3.85,3.85,3.85,3.85,3.85,3.85,3.85,3.85,3.85,3.85,3.85,3.85,3.85,3.85,3.85,3.85,3.85,3.85,3.85,3.85,3.85,3.85,3.85,3.85
11/27/2017,4.3,4.2,4.11,4.11,3.99,3.99,3.94,3.94,3.86,3.86,3.86,3.86,3.86,3.86,3.86,3.86,3.86,3.86,3.86,3.86,3.86,3.86,3.86,3.86,3.86,3.86,3.86,3.86,3.86,3.86,3.86,3.86,3.86,3.86,3.86,3.86,3.86,3.86,3.86,3.86,3.86,3.86,3.86,3.86,3.86,3.86,3.86,3.86,3.86,3.86
12/4/2017,4.29,4.19,4.11,4.11,4.01,4.01,3.97,3.97,3.91,3.91,3.91,3.91,3.91,3.91,3.91,3.91,3.91,3.91,3.91,3.91,3.91,3.91,3.91,3.91,3.91,3.91,3.91,3.91,3.91,3.91,3.91,3.91,3.91,3.91,3.91,3.91,3.91,3.91,3.91,3.91,3.91,3.91,3.91,3.91,3.91,3.91,3.91,3.91,3.91,3.91
12/11/2017,4.34,4.23,4.16,4.16,4.06,4.06,4,4,3.91,3.91,3.91,3.91,3.91,3.91,3.91,3.91,3.91,3.91,3.91,3.91,3.91,3.91,3.91,3.91,3.91,3.91,3.91,3.91,3.91,3.91,3.91,3.91,3.91,3.91,3.91,3.91,3.91,3.91,3.91,3.91,3.91,3.91,3.91,3.91,3.91,3.91,3.91,3.91,3.91,3.91
12/18/2017,4.37,4.26,4.18,4.18,4.08,4.08,4.02,4.02,3.94,3.94,3.94,3.94,3.94,3.94,3.94,3.94,3.94,3.94,3.94,3.94,3.94,3.94,3.94,3.94,3.94,3.94,3.94,3.94,3.94,3.94,3.94,3.94,3.94,3.94,3.94,3.94,3.94,3.94,3.94,3.94,3.94,3.94,3.94,3.94,3.94,3.94,3.94,3.94,3.94,3.94
12/25/2017,4.39,4.28,4.2,4.2,4.1,4.1,4.05,4.05,3.97,3.97,3.97,3.97,3.97,3.97,3.97,3.97,3.97,3.97,3.97,3.97,3.97,3.97,3.97,3.97,3.97,3.97,3.97,3.97,3.97,3.97,3.97,3.97,3.97,3.97,3.97,3.97,3.97,3.97,3.97,3.97,3.97,3.97,3.97,3.97,3.97,3.97,3.97,3.97,3.97,3.97
