Years to First Adjustment,1,2,3,4,5,6,7,8,9,10,11,12,13,14,15,16,17,18,19,20,21,22,23,24,25,26,27,28,29,30,31,32,33,34,35,36,37,38,39,40,41,42,43,44,45,46,47,48,49,50
1/5/2015,2.98,2.97,3,3,3.03,3.03,3.18,3.18,3.36,3.36,3.36,3.36,3.36,3.36,3.36,3.36,3.36,3.36,3.36,3.36,3.36,3.36,3.36,3.36,3.36,3.36,3.36,3.36,3.36,3.36,3.36,3.36,3.36,3.36,3.36,3.36,3.36,3.36,3.36,3.36,3.36,3.36,3.36,3.36,3.36,3.36,3.36,3.36,3.36,3.36
1/12/2015,2.97,2.96,3,3,3.03,3.03,3.16,3.16,3.32,3.32,3.32,3.32,3.32,3.32,3.32,3.32,3.32,3.32,3.32,3.32,3.32,3.32,3.32,3.32,3.32,3.32,3.32,3.32,3.32,3.32,3.32,3.32,3.32,3.32,3.32,3.32,3.32,3.32,3.32,3.32,3.32,3.32,3.32,3.32,3.32,3.32,3.32,3.32,3.32,3.32
1/19/2015,2.92,2.91,2.92,2.92,2.95,2.95,3.09,3.09,3.27,3.27,3.27,3.27,3.27,3.27,3.27,3.27,3.27,3.27,3.27,3.27,3.27,3.27,3.27,3.27,3.27,3.27,3.27,3.27,3.27,3.27,3.27,3.27,3.27,3.27,3.27,3.27,3.27,3.27,3.27,3.27,3.27,3.27,3.27,3.27,3.27,3.27,3.27,3.27,3.27,3.27
1/26/2015,2.9,2.89,2.9,2.9,2.91,2.91,3.04,3.04,3.21,3.21,3.21,3.21,3.21,3.21,3.21,3.21,3.21,3.21,3.21,3.21,3.21,3.21,3.21,3.21,3.21,3.21,3.21,3.21,3.21,3.21,3.21,3.21,3.21,3.21,3.21,3.21,3.21,3.21,3.21,3.21,3.21,3.21,3.21,3.21,3.21,3.21,3.21,3.21,3.21,3.21
2/2/2015,2.9,2.89,2.9,2.9,2.92,2.92,3.05,3.05,3.2,3.2,3.2,3.2,3.2,3.2,3.2,3.2,3.2,3.2,3.2,3.2,3.2,3.2,3.2,3.2,3.2,3.2,3.2,3.2,3.2,3.2,3.2,3.2,3.2,3.2,3.2,3.2,3.2,3.2,3.2,3.2,3.2,3.2,3.2,3.2,3.2,3.2,3.2,3.2,3.2,3.2
2/9/2015,2.92,2.9,2.92,2.92,2.92,2.92,3.06,3.06,3.2,3.2,3.2,3.2,3.2,3.2,3.2,3.2,3.2,3.2,3.2,3.2,3.2,3.2,3.2,3.2,3.2,3.2,3.2,3.2,3.2,3.2,3.2,3.2,3.2,3.2,3.2,3.2,3.2,3.2,3.2,3.2,3.2,3.2,3.2,3.2,3.2,3.2,3.2,3.2,3.2,3.2
2/16/2015,2.97,2.96,3,3,3.02,3.02,3.15,3.15,3.31,3.31,3.31,3.31,3.31,3.31,3.31,3.31,3.31,3.31,3.31,3.31,3.31,3.31,3.31,3.31,3.31,3.31,3.31,3.31,3.31,3.31,3.31,3.31,3.31,3.31,3.31,3.31,3.31,3.31,3.31,3.31,3.31,3.31,3.31,3.31,3.31,3.31,3.31,3.31,3.31,3.31
2/23/2015,2.97,2.97,2.99,2.99,3.02,3.02,3.16,3.16,3.33,3.33,3.33,3.33,3.33,3.33,3.33,3.33,3.33,3.33,3.33,3.33,3.33,3.33,3.33,3.33,3.33,3.33,3.33,3.33,3.33,3.33,3.33,3.33,3.33,3.33,3.33,3.33,3.33,3.33,3.33,3.33,3.33,3.33,3.33,3.33,3.33,3.33,3.33,3.33,3.33,3.33
3/2/2015,2.95,2.95,2.98,2.98,3.01,3.01,3.16,3.16,3.32,3.32,3.32,3.32,3.32,3.32,3.32,3.32,3.32,3.32,3.32,3.32,3.32,3.32,3.32,3.32,3.32,3.32,3.32,3.32,3.32,3.32,3.32,3.32,3.32,3.32,3.32,3.32,3.32,3.32,3.32,3.32,3.32,3.32,3.32,3.32,3.32,3.32,3.32,3.32,3.32,3.32
3/9/2015,2.98,2.97,3,3,3.02,3.02,3.17,3.17,3.33,3.33,3.33,3.33,3.33,3.33,3.33,3.33,3.33,3.33,3.33,3.33,3.33,3.33,3.33,3.33,3.33,3.33,3.33,3.33,3.33,3.33,3.33,3.33,3.33,3.33,3.33,3.33,3.33,3.33,3.33,3.33,3.33,3.33,3.33,3.33,3.33,3.33,3.33,3.33,3.33,3.33
3/16/2015,2.99,2.99,3.02,3.02,3.04,3.04,3.19,3.19,3.36,3.36,3.36,3.36,3.36,3.36,3.36,3.36,3.36,3.36,3.36,3.36,3.36,3.36,3.36,3.36,3.36,3.36,3.36,3.36,3.36,3.36,3.36,3.36,3.36,3.36,3.36,3.36,3.36,3.36,3.36,3.36,3.36,3.36,3.36,3.36,3.36,3.36,3.36,3.36,3.36,3.36
3/23/2015,2.99,2.98,3.01,3.01,3.04,3.04,3.17,3.17,3.33,3.33,3.33,3.33,3.33,3.33,3.33,3.33,3.33,3.33,3.33,3.33,3.33,3.33,3.33,3.33,3.33,3.33,3.33,3.33,3.33,3.33,3.33,3.33,3.33,3.33,3.33,3.33,3.33,3.33,3.33,3.33,3.33,3.33,3.33,3.33,3.33,3.33,3.33,3.33,3.33,3.33
3/30/2015,2.97,2.96,2.97,2.97,2.99,2.99,3.13,3.13,3.29,3.29,3.29,3.29,3.29,3.29,3.29,3.29,3.29,3.29,3.29,3.29,3.29,3.29,3.29,3.29,3.29,3.29,3.29,3.29,3.29,3.29,3.29,3.29,3.29,3.29,3.29,3.29,3.29,3.29,3.29,3.29,3.29,3.29,3.29,3.29,3.29,3.29,3.29,3.29,3.29,3.29
4/6/2015,3.08,3.06,3.08,3.08,3.08,3.08,3.19,3.19,3.37,3.37,3.37,3.37,3.37,3.37,3.37,3.37,3.37,3.37,3.37,3.37,3.37,3.37,3.37,3.37,3.37,3.37,3.37,3.37,3.37,3.37,3.37,3.37,3.37,3.37,3.37,3.37,3.37,3.37,3.37,3.37,3.37,3.37,3.37,3.37,3.37,3.37,3.37,3.37,3.37,3.37
4/13/2015,2.93,2.92,2.94,2.94,2.93,2.93,3.09,3.09,3.26,3.26,3.26,3.26,3.26,3.26,3.26,3.26,3.26,3.26,3.26,3.26,3.26,3.26,3.26,3.26,3.26,3.26,3.26,3.26,3.26,3.26,3.26,3.26,3.26,3.26,3.26,3.26,3.26,3.26,3.26,3.26,3.26,3.26,3.26,3.26,3.26,3.26,3.26,3.26,3.26,3.26
4/20/2015,2.96,2.94,2.96,2.96,2.98,2.98,3.12,3.12,3.3,3.3,3.3,3.3,3.3,3.3,3.3,3.3,3.3,3.3,3.3,3.3,3.3,3.3,3.3,3.3,3.3,3.3,3.3,3.3,3.3,3.3,3.3,3.3,3.3,3.3,3.3,3.3,3.3,3.3,3.3,3.3,3.3,3.3,3.3,3.3,3.3,3.3,3.3,3.3,3.3,3.3
4/27/2015,2.96,2.94,2.95,2.95,2.96,2.96,3.09,3.09,3.28,3.28,3.28,3.28,3.28,3.28,3.28,3.28,3.28,3.28,3.28,3.28,3.28,3.28,3.28,3.28,3.28,3.28,3.28,3.28,3.28,3.28,3.28,3.28,3.28,3.28,3.28,3.28,3.28,3.28,3.28,3.28,3.28,3.28,3.28,3.28,3.28,3.28,3.28,3.28,3.28,3.28
5/4/2015,2.98,2.96,2.97,2.97,2.97,2.97,3.13,3.13,3.31,3.31,3.31,3.31,3.31,3.31,3.31,3.31,3.31,3.31,3.31,3.31,3.31,3.31,3.31,3.31,3.31,3.31,3.31,3.31,3.31,3.31,3.31,3.31,3.31,3.31,3.31,3.31,3.31,3.31,3.31,3.31,3.31,3.31,3.31,3.31,3.31,3.31,3.31,3.31,3.31,3.31
5/11/2015,3,2.98,2.99,2.99,3,3,3.17,3.17,3.38,3.38,3.38,3.38,3.38,3.38,3.38,3.38,3.38,3.38,3.38,3.38,3.38,3.38,3.38,3.38,3.38,3.38,3.38,3.38,3.38,3.38,3.38,3.38,3.38,3.38,3.38,3.38,3.38,3.38,3.38,3.38,3.38,3.38,3.38,3.38,3.38,3.38,3.38,3.38,3.38,3.38
5/18/2015,2.98,2.96,2.98,2.98,2.99,2.99,3.18,3.18,3.4,3.4,3.4,3.4,3.4,3.4,3.4,3.4,3.4,3.4,3.4,3.4,3.4,3.4,3.4,3.4,3.4,3.4,3.4,3.4,3.4,3.4,3.4,3.4,3.4,3.4,3.4,3.4,3.4,3.4,3.4,3.4,3.4,3.4,3.4,3.4,3.4,3.4,3.4,3.4,3.4,3.4
5/25/2015,2.97,2.95,2.97,2.97,2.98,2.98,3.16,3.16,3.37,3.37,3.37,3.37,3.37,3.37,3.37,3.37,3.37,3.37,3.37,3.37,3.37,3.37,3.37,3.37,3.37,3.37,3.37,3.37,3.37,3.37,3.37,3.37,3.37,3.37,3.37,3.37,3.37,3.37,3.37,3.37,3.37,3.37,3.37,3.37,3.37,3.37,3.37,3.37,3.37,3.37
6/1/2015,2.99,2.98,2.99,2.99,3,3,3.16,3.16,3.34,3.34,3.34,3.34,3.34,3.34,3.34,3.34,3.34,3.34,3.34,3.34,3.34,3.34,3.34,3.34,3.34,3.34,3.34,3.34,3.34,3.34,3.34,3.34,3.34,3.34,3.34,3.34,3.34,3.34,3.34,3.34,3.34,3.34,3.34,3.34,3.34,3.34,3.34,3.34,3.34,3.34
6/8/2015,2.98,2.98,3,3,3.03,3.03,3.21,3.21,3.42,3.42,3.42,3.42,3.42,3.42,3.42,3.42,3.42,3.42,3.42,3.42,3.42,3.42,3.42,3.42,3.42,3.42,3.42,3.42,3.42,3.42,3.42,3.42,3.42,3.42,3.42,3.42,3.42,3.42,3.42,3.42,3.42,3.42,3.42,3.42,3.42,3.42,3.42,3.42,3.42,3.42
6/15/2015,2.99,2.99,3.01,3.01,3.04,3.04,3.24,3.24,3.46,3.46,3.46,3.46,3.46,3.46,3.46,3.46,3.46,3.46,3.46,3.46,3.46,3.46,3.46,3.46,3.46,3.46,3.46,3.46,3.46,3.46,3.46,3.46,3.46,3.46,3.46,3.46,3.46,3.46,3.46,3.46,3.46,3.46,3.46,3.46,3.46,3.46,3.46,3.46,3.46,3.46
6/22/2015,3,3,3.01,3.01,3.04,3.04,3.23,3.23,3.44,3.44,3.44,3.44,3.44,3.44,3.44,3.44,3.44,3.44,3.44,3.44,3.44,3.44,3.44,3.44,3.44,3.44,3.44,3.44,3.44,3.44,3.44,3.44,3.44,3.44,3.44,3.44,3.44,3.44,3.44,3.44,3.44,3.44,3.44,3.44,3.44,3.44,3.44,3.44,3.44,3.44
6/29/2015,3.01,3,3.01,3.01,3.04,3.04,3.24,3.24,3.46,3.46,3.46,3.46,3.46,3.46,3.46,3.46,3.46,3.46,3.46,3.46,3.46,3.46,3.46,3.46,3.46,3.46,3.46,3.46,3.46,3.46,3.46,3.46,3.46,3.46,3.46,3.46,3.46,3.46,3.46,3.46,3.46,3.46,3.46,3.46,3.46,3.46,3.46,3.46,3.46,3.46
7/6/2015,3.01,2.99,3.01,3.01,3.03,3.03,3.24,3.24,3.47,3.47,3.47,3.47,3.47,3.47,3.47,3.47,3.47,3.47,3.47,3.47,3.47,3.47,3.47,3.47,3.47,3.47,3.47,3.47,3.47,3.47,3.47,3.47,3.47,3.47,3.47,3.47,3.47,3.47,3.47,3.47,3.47,3.47,3.47,3.47,3.47,3.47,3.47,3.47,3.47,3.47
7/13/2015,2.98,2.96,2.97,2.97,3,3,3.19,3.19,3.43,3.43,3.43,3.43,3.43,3.43,3.43,3.43,3.43,3.43,3.43,3.43,3.43,3.43,3.43,3.43,3.43,3.43,3.43,3.43,3.43,3.43,3.43,3.43,3.43,3.43,3.43,3.43,3.43,3.43,3.43,3.43,3.43,3.43,3.43,3.43,3.43,3.43,3.43,3.43,3.43,3.43
7/20/2015,3,3,3,3,3.04,3.04,3.23,3.23,3.47,3.47,3.47,3.47,3.47,3.47,3.47,3.47,3.47,3.47,3.47,3.47,3.47,3.47,3.47,3.47,3.47,3.47,3.47,3.47,3.47,3.47,3.47,3.47,3.47,3.47,3.47,3.47,3.47,3.47,3.47,3.47,3.47,3.47,3.47,3.47,3.47,3.47,3.47,3.47,3.47,3.47
7/27/2015,3.05,3.05,3.05,3.05,3.07,3.07,3.24,3.24,3.45,3.45,3.45,3.45,3.45,3.45,3.45,3.45,3.45,3.45,3.45,3.45,3.45,3.45,3.45,3.45,3.45,3.45,3.45,3.45,3.45,3.45,3.45,3.45,3.45,3.45,3.45,3.45,3.45,3.45,3.45,3.45,3.45,3.45,3.45,3.45,3.45,3.45,3.45,3.45,3.45,3.45
8/3/2015,3.04,3.03,3.04,3.04,3.05,3.05,3.22,3.22,3.43,3.43,3.43,3.43,3.43,3.43,3.43,3.43,3.43,3.43,3.43,3.43,3.43,3.43,3.43,3.43,3.43,3.43,3.43,3.43,3.43,3.43,3.43,3.43,3.43,3.43,3.43,3.43,3.43,3.43,3.43,3.43,3.43,3.43,3.43,3.43,3.43,3.43,3.43,3.43,3.43,3.43
8/10/2015,3.08,3.06,3.07,3.07,3.08,3.08,3.23,3.23,3.43,3.43,3.43,3.43,3.43,3.43,3.43,3.43,3.43,3.43,3.43,3.43,3.43,3.43,3.43,3.43,3.43,3.43,3.43,3.43,3.43,3.43,3.43,3.43,3.43,3.43,3.43,3.43,3.43,3.43,3.43,3.43,3.43,3.43,3.43,3.43,3.43,3.43,3.43,3.43,3.43,3.43
8/17/2015,3.11,3.09,3.09,3.09,3.09,3.09,3.24,3.24,3.42,3.42,3.42,3.42,3.42,3.42,3.42,3.42,3.42,3.42,3.42,3.42,3.42,3.42,3.42,3.42,3.42,3.42,3.42,3.42,3.42,3.42,3.42,3.42,3.42,3.42,3.42,3.42,3.42,3.42,3.42,3.42,3.42,3.42,3.42,3.42,3.42,3.42,3.42,3.42,3.42,3.42
8/24/2015,3.12,3.11,3.11,3.11,3.11,3.11,3.25,3.25,3.42,3.42,3.42,3.42,3.42,3.42,3.42,3.42,3.42,3.42,3.42,3.42,3.42,3.42,3.42,3.42,3.42,3.42,3.42,3.42,3.42,3.42,3.42,3.42,3.42,3.42,3.42,3.42,3.42,3.42,3.42,3.42,3.42,3.42,3.42,3.42,3.42,3.42,3.42,3.42,3.42,3.42
8/31/2015,3.08,3.06,3.06,3.06,3.06,3.06,3.21,3.21,3.4,3.4,3.4,3.4,3.4,3.4,3.4,3.4,3.4,3.4,3.4,3.4,3.4,3.4,3.4,3.4,3.4,3.4,3.4,3.4,3.4,3.4,3.4,3.4,3.4,3.4,3.4,3.4,3.4,3.4,3.4,3.4,3.4,3.4,3.4,3.4,3.4,3.4,3.4,3.4,3.4,3.4
9/7/2015,3.11,3.09,3.1,3.1,3.09,3.09,3.25,3.25,3.45,3.45,3.45,3.45,3.45,3.45,3.45,3.45,3.45,3.45,3.45,3.45,3.45,3.45,3.45,3.45,3.45,3.45,3.45,3.45,3.45,3.45,3.45,3.45,3.45,3.45,3.45,3.45,3.45,3.45,3.45,3.45,3.45,3.45,3.45,3.45,3.45,3.45,3.45,3.45,3.45,3.45
9/14/2015,3.12,3.11,3.1,3.1,3.09,3.09,3.25,3.25,3.45,3.45,3.45,3.45,3.45,3.45,3.45,3.45,3.45,3.45,3.45,3.45,3.45,3.45,3.45,3.45,3.45,3.45,3.45,3.45,3.45,3.45,3.45,3.45,3.45,3.45,3.45,3.45,3.45,3.45,3.45,3.45,3.45,3.45,3.45,3.45,3.45,3.45,3.45,3.45,3.45,3.45
9/21/2015,3.15,3.13,3.13,3.13,3.13,3.13,3.28,3.28,3.47,3.47,3.47,3.47,3.47,3.47,3.47,3.47,3.47,3.47,3.47,3.47,3.47,3.47,3.47,3.47,3.47,3.47,3.47,3.47,3.47,3.47,3.47,3.47,3.47,3.47,3.47,3.47,3.47,3.47,3.47,3.47,3.47,3.47,3.47,3.47,3.47,3.47,3.47,3.47,3.47,3.47
9/28/2015,3.06,3.06,3.06,3.06,3.07,3.07,3.23,3.23,3.45,3.45,3.45,3.45,3.45,3.45,3.45,3.45,3.45,3.45,3.45,3.45,3.45,3.45,3.45,3.45,3.45,3.45,3.45,3.45,3.45,3.45,3.45,3.45,3.45,3.45,3.45,3.45,3.45,3.45,3.45,3.45,3.45,3.45,3.45,3.45,3.45,3.45,3.45,3.45,3.45,3.45
10/5/2015,3.04,3.04,3.03,3.03,3.05,3.05,3.2,3.2,3.42,3.42,3.42,3.42,3.42,3.42,3.42,3.42,3.42,3.42,3.42,3.42,3.42,3.42,3.42,3.42,3.42,3.42,3.42,3.42,3.42,3.42,3.42,3.42,3.42,3.42,3.42,3.42,3.42,3.42,3.42,3.42,3.42,3.42,3.42,3.42,3.42,3.42,3.42,3.42,3.42,3.42
10/12/2015,2.98,2.98,2.98,2.98,2.99,2.99,3.16,3.16,3.4,3.4,3.4,3.4,3.4,3.4,3.4,3.4,3.4,3.4,3.4,3.4,3.4,3.4,3.4,3.4,3.4,3.4,3.4,3.4,3.4,3.4,3.4,3.4,3.4,3.4,3.4,3.4,3.4,3.4,3.4,3.4,3.4,3.4,3.4,3.4,3.4,3.4,3.4,3.4,3.4,3.4
10/19/2015,2.96,2.96,2.97,2.97,2.98,2.98,3.14,3.14,3.38,3.38,3.38,3.38,3.38,3.38,3.38,3.38,3.38,3.38,3.38,3.38,3.38,3.38,3.38,3.38,3.38,3.38,3.38,3.38,3.38,3.38,3.38,3.38,3.38,3.38,3.38,3.38,3.38,3.38,3.38,3.38,3.38,3.38,3.38,3.38,3.38,3.38,3.38,3.38,3.38,3.38
10/26/2015,2.96,2.97,2.97,2.97,2.97,2.97,3.14,3.14,3.37,3.37,3.37,3.37,3.37,3.37,3.37,3.37,3.37,3.37,3.37,3.37,3.37,3.37,3.37,3.37,3.37,3.37,3.37,3.37,3.37,3.37,3.37,3.37,3.37,3.37,3.37,3.37,3.37,3.37,3.37,3.37,3.37,3.37,3.37,3.37,3.37,3.37,3.37,3.37,3.37,3.37
11/2/2015,3.01,3.01,3.01,3.01,3.01,3.01,3.17,3.17,3.37,3.37,3.37,3.37,3.37,3.37,3.37,3.37,3.37,3.37,3.37,3.37,3.37,3.37,3.37,3.37,3.37,3.37,3.37,3.37,3.37,3.37,3.37,3.37,3.37,3.37,3.37,3.37,3.37,3.37,3.37,3.37,3.37,3.37,3.37,3.37,3.37,3.37,3.37,3.37,3.37,3.37
11/9/2015,3.11,3.11,3.11,3.11,3.11,3.11,3.25,3.25,3.45,3.45,3.45,3.45,3.45,3.45,3.45,3.45,3.45,3.45,3.45,3.45,3.45,3.45,3.45,3.45,3.45,3.45,3.45,3.45,3.45,3.45,3.45,3.45,3.45,3.45,3.45,3.45,3.45,3.45,3.45,3.45,3.45,3.45,3.45,3.45,3.45,3.45,3.45,3.45,3.45,3.45
11/16/2015,3.2,3.19,3.21,3.21,3.2,3.2,3.34,3.34,3.51,3.51,3.51,3.51,3.51,3.51,3.51,3.51,3.51,3.51,3.51,3.51,3.51,3.51,3.51,3.51,3.51,3.51,3.51,3.51,3.51,3.51,3.51,3.51,3.51,3.51,3.51,3.51,3.51,3.51,3.51,3.51,3.51,3.51,3.51,3.51,3.51,3.51,3.51,3.51,3.51,3.51
11/23/2015,3.22,3.21,3.21,3.21,3.2,3.2,3.33,3.33,3.49,3.49,3.49,3.49,3.49,3.49,3.49,3.49,3.49,3.49,3.49,3.49,3.49,3.49,3.49,3.49,3.49,3.49,3.49,3.49,3.49,3.49,3.49,3.49,3.49,3.49,3.49,3.49,3.49,3.49,3.49,3.49,3.49,3.49,3.49,3.49,3.49,3.49,3.49,3.49,3.49,3.49
11/30/2015,3.22,3.22,3.23,3.23,3.21,3.21,3.35,3.35,3.5,3.5,3.5,3.5,3.5,3.5,3.5,3.5,3.5,3.5,3.5,3.5,3.5,3.5,3.5,3.5,3.5,3.5,3.5,3.5,3.5,3.5,3.5,3.5,3.5,3.5,3.5,3.5,3.5,3.5,3.5,3.5,3.5,3.5,3.5,3.5,3.5,3.5,3.5,3.5,3.5,3.5
12/7/2015,3.22,3.22,3.23,3.23,3.21,3.21,3.33,3.33,3.48,3.48,3.48,3.48,3.48,3.48,3.48,3.48,3.48,3.48,3.48,3.48,3.48,3.48,3.48,3.48,3.48,3.48,3.48,3.48,3.48,3.48,3.48,3.48,3.48,3.48,3.48,3.48,3.48,3.48,3.48,3.48,3.48,3.48,3.48,3.48,3.48,3.48,3.48,3.48,3.48,3.48
12/14/2015,3.41,3.37,3.37,3.37,3.36,3.36,3.47,3.47,3.59,3.59,3.59,3.59,3.59,3.59,3.59,3.59,3.59,3.59,3.59,3.59,3.59,3.59,3.59,3.59,3.59,3.59,3.59,3.59,3.59,3.59,3.59,3.59,3.59,3.59,3.59,3.59,3.59,3.59,3.59,3.59,3.59,3.59,3.59,3.59,3.59,3.59,3.59,3.59,3.59,3.59
12/21/2015,3.39,3.36,3.36,3.36,3.33,3.33,3.44,3.44,3.56,3.56,3.56,3.56,3.56,3.56,3.56,3.56,3.56,3.56,3.56,3.56,3.56,3.56,3.56,3.56,3.56,3.56,3.56,3.56,3.56,3.56,3.56,3.56,3.56,3.56,3.56,3.56,3.56,3.56,3.56,3.56,3.56,3.56,3.56,3.56,3.56,3.56,3.56,3.56,3.56,3.56
12/28/2015,3.35,3.33,3.33,3.33,3.31,3.31,3.43,3.43,3.55,3.55,3.55,3.55,3.55,3.55,3.55,3.55,3.55,3.55,3.55,3.55,3.55,3.55,3.55,3.55,3.55,3.55,3.55,3.55,3.55,3.55,3.55,3.55,3.55,3.55,3.55,3.55,3.55,3.55,3.55,3.55,3.55,3.55,3.55,3.55,3.55,3.55,3.55,3.55,3.55,3.55
1/4/2016,3.36,3.35,3.34,3.34,3.32,3.32,3.43,3.43,3.55,3.55,3.55,3.55,3.55,3.55,3.55,3.55,3.55,3.55,3.55,3.55,3.55,3.55,3.55,3.55,3.55,3.55,3.55,3.55,3.55,3.55,3.55,3.55,3.55,3.55,3.55,3.55,3.55,3.55,3.55,3.55,3.55,3.55,3.55,3.55,3.55,3.55,3.55,3.55,3.55,3.55
1/11/2016,3.37,3.34,3.34,3.34,3.34,3.34,3.48,3.48,3.58,3.58,3.58,3.58,3.58,3.58,3.58,3.58,3.58,3.58,3.58,3.58,3.58,3.58,3.58,3.58,3.58,3.58,3.58,3.58,3.58,3.58,3.58,3.58,3.58,3.58,3.58,3.58,3.58,3.58,3.58,3.58,3.58,3.58,3.58,3.58,3.58,3.58,3.58,3.58,3.58,3.58
1/18/2016,3.32,3.3,3.3,3.3,3.28,3.28,3.39,3.39,3.53,3.53,3.53,3.53,3.53,3.53,3.53,3.53,3.53,3.53,3.53,3.53,3.53,3.53,3.53,3.53,3.53,3.53,3.53,3.53,3.53,3.53,3.53,3.53,3.53,3.53,3.53,3.53,3.53,3.53,3.53,3.53,3.53,3.53,3.53,3.53,3.53,3.53,3.53,3.53,3.53,3.53
1/25/2016,3.17,3.18,3.17,3.17,3.14,3.14,3.25,3.25,3.41,3.41,3.41,3.41,3.41,3.41,3.41,3.41,3.41,3.41,3.41,3.41,3.41,3.41,3.41,3.41,3.41,3.41,3.41,3.41,3.41,3.41,3.41,3.41,3.41,3.41,3.41,3.41,3.41,3.41,3.41,3.41,3.41,3.41,3.41,3.41,3.41,3.41,3.41,3.41,3.41,3.41
2/1/2016,3.19,3.19,3.18,3.18,3.14,3.14,3.25,3.25,3.41,3.41,3.41,3.41,3.41,3.41,3.41,3.41,3.41,3.41,3.41,3.41,3.41,3.41,3.41,3.41,3.41,3.41,3.41,3.41,3.41,3.41,3.41,3.41,3.41,3.41,3.41,3.41,3.41,3.41,3.41,3.41,3.41,3.41,3.41,3.41,3.41,3.41,3.41,3.41,3.41,3.41
2/8/2016,3.22,3.19,3.18,3.18,3.15,3.15,3.26,3.26,3.41,3.41,3.41,3.41,3.41,3.41,3.41,3.41,3.41,3.41,3.41,3.41,3.41,3.41,3.41,3.41,3.41,3.41,3.41,3.41,3.41,3.41,3.41,3.41,3.41,3.41,3.41,3.41,3.41,3.41,3.41,3.41,3.41,3.41,3.41,3.41,3.41,3.41,3.41,3.41,3.41,3.41
2/15/2016,3.21,3.18,3.16,3.16,3.14,3.14,3.24,3.24,3.38,3.38,3.38,3.38,3.38,3.38,3.38,3.38,3.38,3.38,3.38,3.38,3.38,3.38,3.38,3.38,3.38,3.38,3.38,3.38,3.38,3.38,3.38,3.38,3.38,3.38,3.38,3.38,3.38,3.38,3.38,3.38,3.38,3.38,3.38,3.38,3.38,3.38,3.38,3.38,3.38,3.38
2/22/2016,3.22,3.2,3.18,3.18,3.15,3.15,3.24,3.24,3.38,3.38,3.38,3.38,3.38,3.38,3.38,3.38,3.38,3.38,3.38,3.38,3.38,3.38,3.38,3.38,3.38,3.38,3.38,3.38,3.38,3.38,3.38,3.38,3.38,3.38,3.38,3.38,3.38,3.38,3.38,3.38,3.38,3.38,3.38,3.38,3.38,3.38,3.38,3.38,3.38,3.38
2/29/2016,3.24,3.21,3.19,3.19,3.15,3.15,3.23,3.23,3.34,3.34,3.34,3.34,3.34,3.34,3.34,3.34,3.34,3.34,3.34,3.34,3.34,3.34,3.34,3.34,3.34,3.34,3.34,3.34,3.34,3.34,3.34,3.34,3.34,3.34,3.34,3.34,3.34,3.34,3.34,3.34,3.34,3.34,3.34,3.34,3.34,3.34,3.34,3.34,3.34,3.34
3/7/2016,3.35,3.31,3.28,3.28,3.25,3.25,3.32,3.32,3.41,3.41,3.41,3.41,3.41,3.41,3.41,3.41,3.41,3.41,3.41,3.41,3.41,3.41,3.41,3.41,3.41,3.41,3.41,3.41,3.41,3.41,3.41,3.41,3.41,3.41,3.41,3.41,3.41,3.41,3.41,3.41,3.41,3.41,3.41,3.41,3.41,3.41,3.41,3.41,3.41,3.41
3/14/2016,3.36,3.33,3.3,3.3,3.28,3.28,3.36,3.36,3.45,3.45,3.45,3.45,3.45,3.45,3.45,3.45,3.45,3.45,3.45,3.45,3.45,3.45,3.45,3.45,3.45,3.45,3.45,3.45,3.45,3.45,3.45,3.45,3.45,3.45,3.45,3.45,3.45,3.45,3.45,3.45,3.45,3.45,3.45,3.45,3.45,3.45,3.45,3.45,3.45,3.45
3/21/2016,3.38,3.35,3.33,3.33,3.3,3.3,3.37,3.37,3.46,3.46,3.46,3.46,3.46,3.46,3.46,3.46,3.46,3.46,3.46,3.46,3.46,3.46,3.46,3.46,3.46,3.46,3.46,3.46,3.46,3.46,3.46,3.46,3.46,3.46,3.46,3.46,3.46,3.46,3.46,3.46,3.46,3.46,3.46,3.46,3.46,3.46,3.46,3.46,3.46,3.46
3/28/2016,3.33,3.3,3.28,3.28,3.25,3.25,3.34,3.34,3.44,3.44,3.44,3.44,3.44,3.44,3.44,3.44,3.44,3.44,3.44,3.44,3.44,3.44,3.44,3.44,3.44,3.44,3.44,3.44,3.44,3.44,3.44,3.44,3.44,3.44,3.44,3.44,3.44,3.44,3.44,3.44,3.44,3.44,3.44,3.44,3.44,3.44,3.44,3.44,3.44,3.44
4/4/2016,3.31,3.28,3.26,3.26,3.25,3.25,3.34,3.34,3.45,3.45,3.45,3.45,3.45,3.45,3.45,3.45,3.45,3.45,3.45,3.45,3.45,3.45,3.45,3.45,3.45,3.45,3.45,3.45,3.45,3.45,3.45,3.45,3.45,3.45,3.45,3.45,3.45,3.45,3.45,3.45,3.45,3.45,3.45,3.45,3.45,3.45,3.45,3.45,3.45,3.45
4/11/2016,3.26,3.22,3.2,3.2,3.17,3.17,3.26,3.26,3.39,3.39,3.39,3.39,3.39,3.39,3.39,3.39,3.39,3.39,3.39,3.39,3.39,3.39,3.39,3.39,3.39,3.39,3.39,3.39,3.39,3.39,3.39,3.39,3.39,3.39,3.39,3.39,3.39,3.39,3.39,3.39,3.39,3.39,3.39,3.39,3.39,3.39,3.39,3.39,3.39,3.39
4/18/2016,3.23,3.2,3.17,3.17,3.15,3.15,3.25,3.25,3.38,3.38,3.38,3.38,3.38,3.38,3.38,3.38,3.38,3.38,3.38,3.38,3.38,3.38,3.38,3.38,3.38,3.38,3.38,3.38,3.38,3.38,3.38,3.38,3.38,3.38,3.38,3.38,3.38,3.38,3.38,3.38,3.38,3.38,3.38,3.38,3.38,3.38,3.38,3.38,3.38,3.38
4/25/2016,3.23,3.2,3.18,3.18,3.15,3.15,3.24,3.24,3.36,3.36,3.36,3.36,3.36,3.36,3.36,3.36,3.36,3.36,3.36,3.36,3.36,3.36,3.36,3.36,3.36,3.36,3.36,3.36,3.36,3.36,3.36,3.36,3.36,3.36,3.36,3.36,3.36,3.36,3.36,3.36,3.36,3.36,3.36,3.36,3.36,3.36,3.36,3.36,3.36,3.36
5/2/2016,3.28,3.26,3.22,3.22,3.2,3.2,3.29,3.29,3.41,3.41,3.41,3.41,3.41,3.41,3.41,3.41,3.41,3.41,3.41,3.41,3.41,3.41,3.41,3.41,3.41,3.41,3.41,3.41,3.41,3.41,3.41,3.41,3.41,3.41,3.41,3.41,3.41,3.41,3.41,3.41,3.41,3.41,3.41,3.41,3.41,3.41,3.41,3.41,3.41,3.41
5/9/2016,3.23,3.2,3.17,3.17,3.14,3.14,3.24,3.24,3.36,3.36,3.36,3.36,3.36,3.36,3.36,3.36,3.36,3.36,3.36,3.36,3.36,3.36,3.36,3.36,3.36,3.36,3.36,3.36,3.36,3.36,3.36,3.36,3.36,3.36,3.36,3.36,3.36,3.36,3.36,3.36,3.36,3.36,3.36,3.36,3.36,3.36,3.36,3.36,3.36,3.36
5/16/2016,3.22,3.19,3.16,3.16,3.13,3.13,3.22,3.22,3.35,3.35,3.35,3.35,3.35,3.35,3.35,3.35,3.35,3.35,3.35,3.35,3.35,3.35,3.35,3.35,3.35,3.35,3.35,3.35,3.35,3.35,3.35,3.35,3.35,3.35,3.35,3.35,3.35,3.35,3.35,3.35,3.35,3.35,3.35,3.35,3.35,3.35,3.35,3.35,3.35,3.35
5/23/2016,3.28,3.25,3.23,3.23,3.19,3.19,3.25,3.25,3.33,3.33,3.33,3.33,3.33,3.33,3.33,3.33,3.33,3.33,3.33,3.33,3.33,3.33,3.33,3.33,3.33,3.33,3.33,3.33,3.33,3.33,3.33,3.33,3.33,3.33,3.33,3.33,3.33,3.33,3.33,3.33,3.33,3.33,3.33,3.33,3.33,3.33,3.33,3.33,3.33,3.33
5/30/2016,3.37,3.34,3.3,3.3,3.28,3.28,3.34,3.34,3.41,3.41,3.41,3.41,3.41,3.41,3.41,3.41,3.41,3.41,3.41,3.41,3.41,3.41,3.41,3.41,3.41,3.41,3.41,3.41,3.41,3.41,3.41,3.41,3.41,3.41,3.41,3.41,3.41,3.41,3.41,3.41,3.41,3.41,3.41,3.41,3.41,3.41,3.41,3.41,3.41,3.41
6/6/2016,3.38,3.34,3.31,3.31,3.28,3.28,3.35,3.35,3.42,3.42,3.42,3.42,3.42,3.42,3.42,3.42,3.42,3.42,3.42,3.42,3.42,3.42,3.42,3.42,3.42,3.42,3.42,3.42,3.42,3.42,3.42,3.42,3.42,3.42,3.42,3.42,3.42,3.42,3.42,3.42,3.42,3.42,3.42,3.42,3.42,3.42,3.42,3.42,3.42,3.42
6/13/2016,3.3,3.26,3.24,3.24,3.2,3.2,3.27,3.27,3.36,3.36,3.36,3.36,3.36,3.36,3.36,3.36,3.36,3.36,3.36,3.36,3.36,3.36,3.36,3.36,3.36,3.36,3.36,3.36,3.36,3.36,3.36,3.36,3.36,3.36,3.36,3.36,3.36,3.36,3.36,3.36,3.36,3.36,3.36,3.36,3.36,3.36,3.36,3.36,3.36,3.36
6/20/2016,3.24,3.2,3.17,3.17,3.13,3.13,3.2,3.2,3.28,3.28,3.28,3.28,3.28,3.28,3.28,3.28,3.28,3.28,3.28,3.28,3.28,3.28,3.28,3.28,3.28,3.28,3.28,3.28,3.28,3.28,3.28,3.28,3.28,3.28,3.28,3.28,3.28,3.28,3.28,3.28,3.28,3.28,3.28,3.28,3.28,3.28,3.28,3.28,3.28,3.28
6/27/2016,3.25,3.22,3.18,3.18,3.15,3.15,3.21,3.21,3.3,3.3,3.3,3.3,3.3,3.3,3.3,3.3,3.3,3.3,3.3,3.3,3.3,3.3,3.3,3.3,3.3,3.3,3.3,3.3,3.3,3.3,3.3,3.3,3.3,3.3,3.3,3.3,3.3,3.3,3.3,3.3,3.3,3.3,3.3,3.3,3.3,3.3,3.3,3.3,3.3,3.3
7/4/2016,3.15,3.12,3.09,3.09,3.06,3.06,3.12,3.12,3.21,3.21,3.21,3.21,3.21,3.21,3.21,3.21,3.21,3.21,3.21,3.21,3.21,3.21,3.21,3.21,3.21,3.21,3.21,3.21,3.21,3.21,3.21,3.21,3.21,3.21,3.21,3.21,3.21,3.21,3.21,3.21,3.21,3.21,3.21,3.21,3.21,3.21,3.21,3.21,3.21,3.21
7/11/2016,3.19,3.16,3.13,3.13,3.06,3.06,3.12,3.12,3.19,3.19,3.19,3.19,3.19,3.19,3.19,3.19,3.19,3.19,3.19,3.19,3.19,3.19,3.19,3.19,3.19,3.19,3.19,3.19,3.19,3.19,3.19,3.19,3.19,3.19,3.19,3.19,3.19,3.19,3.19,3.19,3.19,3.19,3.19,3.19,3.19,3.19,3.19,3.19,3.19,3.19
7/18/2016,3.27,3.24,3.19,3.19,3.11,3.11,3.17,3.17,3.23,3.23,3.23,3.23,3.23,3.23,3.23,3.23,3.23,3.23,3.23,3.23,3.23,3.23,3.23,3.23,3.23,3.23,3.23,3.23,3.23,3.23,3.23,3.23,3.23,3.23,3.23,3.23,3.23,3.23,3.23,3.23,3.23,3.23,3.23,3.23,3.23,3.23,3.23,3.23,3.23,3.23
7/25/2016,3.28,3.25,3.21,3.21,3.15,3.15,3.21,3.21,3.29,3.29,3.29,3.29,3.29,3.29,3.29,3.29,3.29,3.29,3.29,3.29,3.29,3.29,3.29,3.29,3.29,3.29,3.29,3.29,3.29,3.29,3.29,3.29,3.29,3.29,3.29,3.29,3.29,3.29,3.29,3.29,3.29,3.29,3.29,3.29,3.29,3.29,3.29,3.29,3.29,3.29
8/1/2016,3.29,3.26,3.22,3.22,3.15,3.15,3.21,3.21,3.28,3.28,3.28,3.28,3.28,3.28,3.28,3.28,3.28,3.28,3.28,3.28,3.28,3.28,3.28,3.28,3.28,3.28,3.28,3.28,3.28,3.28,3.28,3.28,3.28,3.28,3.28,3.28,3.28,3.28,3.28,3.28,3.28,3.28,3.28,3.28,3.28,3.28,3.28,3.28,3.28,3.28
8/8/2016,3.25,3.21,3.18,3.18,3.11,3.11,3.18,3.18,3.26,3.26,3.26,3.26,3.26,3.26,3.26,3.26,3.26,3.26,3.26,3.26,3.26,3.26,3.26,3.26,3.26,3.26,3.26,3.26,3.26,3.26,3.26,3.26,3.26,3.26,3.26,3.26,3.26,3.26,3.26,3.26,3.26,3.26,3.26,3.26,3.26,3.26,3.26,3.26,3.26,3.26
8/15/2016,3.31,3.27,3.23,3.23,3.15,3.15,3.21,3.21,3.27,3.27,3.27,3.27,3.27,3.27,3.27,3.27,3.27,3.27,3.27,3.27,3.27,3.27,3.27,3.27,3.27,3.27,3.27,3.27,3.27,3.27,3.27,3.27,3.27,3.27,3.27,3.27,3.27,3.27,3.27,3.27,3.27,3.27,3.27,3.27,3.27,3.27,3.27,3.27,3.27,3.27
8/22/2016,3.32,3.28,3.23,3.23,3.15,3.15,3.21,3.21,3.26,3.26,3.26,3.26,3.26,3.26,3.26,3.26,3.26,3.26,3.26,3.26,3.26,3.26,3.26,3.26,3.26,3.26,3.26,3.26,3.26,3.26,3.26,3.26,3.26,3.26,3.26,3.26,3.26,3.26,3.26,3.26,3.26,3.26,3.26,3.26,3.26,3.26,3.26,3.26,3.26,3.26
8/29/2016,3.31,3.28,3.23,3.23,3.15,3.15,3.21,3.21,3.25,3.25,3.25,3.25,3.25,3.25,3.25,3.25,3.25,3.25,3.25,3.25,3.25,3.25,3.25,3.25,3.25,3.25,3.25,3.25,3.25,3.25,3.25,3.25,3.25,3.25,3.25,3.25,3.25,3.25,3.25,3.25,3.25,3.25,3.25,3.25,3.25,3.25,3.25,3.25,3.25,3.25
9/5/2016,3.35,3.31,3.26,3.26,3.17,3.17,3.23,3.23,3.25,3.25,3.25,3.25,3.25,3.25,3.25,3.25,3.25,3.25,3.25,3.25,3.25,3.25,3.25,3.25,3.25,3.25,3.25,3.25,3.25,3.25,3.25,3.25,3.25,3.25,3.25,3.25,3.25,3.25,3.25,3.25,3.25,3.25,3.25,3.25,3.25,3.25,3.25,3.25,3.25,3.25
9/12/2016,3.33,3.29,3.25,3.25,3.17,3.17,3.24,3.24,3.29,3.29,3.29,3.29,3.29,3.29,3.29,3.29,3.29,3.29,3.29,3.29,3.29,3.29,3.29,3.29,3.29,3.29,3.29,3.29,3.29,3.29,3.29,3.29,3.29,3.29,3.29,3.29,3.29,3.29,3.29,3.29,3.29,3.29,3.29,3.29,3.29,3.29,3.29,3.29,3.29,3.29
9/19/2016,3.36,3.32,3.27,3.27,3.19,3.19,3.27,3.27,3.34,3.34,3.34,3.34,3.34,3.34,3.34,3.34,3.34,3.34,3.34,3.34,3.34,3.34,3.34,3.34,3.34,3.34,3.34,3.34,3.34,3.34,3.34,3.34,3.34,3.34,3.34,3.34,3.34,3.34,3.34,3.34,3.34,3.34,3.34,3.34,3.34,3.34,3.34,3.34,3.34,3.34
9/26/2016,3.31,3.27,3.24,3.24,3.2,3.2,3.27,3.27,3.34,3.34,3.34,3.34,3.34,3.34,3.34,3.34,3.34,3.34,3.34,3.34,3.34,3.34,3.34,3.34,3.34,3.34,3.34,3.34,3.34,3.34,3.34,3.34,3.34,3.34,3.34,3.34,3.34,3.34,3.34,3.34,3.34,3.34,3.34,3.34,3.34,3.34,3.34,3.34,3.34,3.34
10/3/2016,3.29,3.25,3.22,3.22,3.18,3.18,3.25,3.25,3.31,3.31,3.31,3.31,3.31,3.31,3.31,3.31,3.31,3.31,3.31,3.31,3.31,3.31,3.31,3.31,3.31,3.31,3.31,3.31,3.31,3.31,3.31,3.31,3.31,3.31,3.31,3.31,3.31,3.31,3.31,3.31,3.31,3.31,3.31,3.31,3.31,3.31,3.31,3.31,3.31,3.31
10/10/2016,3.33,3.29,3.27,3.27,3.21,3.21,3.27,3.27,3.34,3.34,3.34,3.34,3.34,3.34,3.34,3.34,3.34,3.34,3.34,3.34,3.34,3.34,3.34,3.34,3.34,3.34,3.34,3.34,3.34,3.34,3.34,3.34,3.34,3.34,3.34,3.34,3.34,3.34,3.34,3.34,3.34,3.34,3.34,3.34,3.34,3.34,3.34,3.34,3.34,3.34
10/17/2016,3.37,3.32,3.3,3.3,3.24,3.24,3.31,3.31,3.37,3.37,3.37,3.37,3.37,3.37,3.37,3.37,3.37,3.37,3.37,3.37,3.37,3.37,3.37,3.37,3.37,3.37,3.37,3.37,3.37,3.37,3.37,3.37,3.37,3.37,3.37,3.37,3.37,3.37,3.37,3.37,3.37,3.37,3.37,3.37,3.37,3.37,3.37,3.37,3.37,3.37
10/24/2016,3.34,3.35,3.28,3.28,3.23,3.23,3.31,3.31,3.4,3.4,3.4,3.4,3.4,3.4,3.4,3.4,3.4,3.4,3.4,3.4,3.4,3.4,3.4,3.4,3.4,3.4,3.4,3.4,3.4,3.4,3.4,3.4,3.4,3.4,3.4,3.4,3.4,3.4,3.4,3.4,3.4,3.4,3.4,3.4,3.4,3.4,3.4,3.4,3.4,3.4
10/31/2016,3.34,3.31,3.27,3.27,3.24,3.24,3.3,3.3,3.39,3.39,3.39,3.39,3.39,3.39,3.39,3.39,3.39,3.39,3.39,3.39,3.39,3.39,3.39,3.39,3.39,3.39,3.39,3.39,3.39,3.39,3.39,3.39,3.39,3.39,3.39,3.39,3.39,3.39,3.39,3.39,3.39,3.39,3.39,3.39,3.39,3.39,3.39,3.39,3.39,3.39
11/7/2016,3.34,3.31,3.28,3.28,3.24,3.24,3.32,3.32,3.43,3.43,3.43,3.43,3.43,3.43,3.43,3.43,3.43,3.43,3.43,3.43,3.43,3.43,3.43,3.43,3.43,3.43,3.43,3.43,3.43,3.43,3.43,3.43,3.43,3.43,3.43,3.43,3.43,3.43,3.43,3.43,3.43,3.43,3.43,3.43,3.43,3.43,3.43,3.43,3.43,3.43
11/14/2016,3.38,3.34,3.31,3.31,3.27,3.27,3.36,3.36,3.47,3.47,3.47,3.47,3.47,3.47,3.47,3.47,3.47,3.47,3.47,3.47,3.47,3.47,3.47,3.47,3.47,3.47,3.47,3.47,3.47,3.47,3.47,3.47,3.47,3.47,3.47,3.47,3.47,3.47,3.47,3.47,3.47,3.47,3.47,3.47,3.47,3.47,3.47,3.47,3.47,3.47
11/21/2016,3.45,3.41,3.39,3.39,3.39,3.39,3.5,3.5,3.62,3.62,3.62,3.62,3.62,3.62,3.62,3.62,3.62,3.62,3.62,3.62,3.62,3.62,3.62,3.62,3.62,3.62,3.62,3.62,3.62,3.62,3.62,3.62,3.62,3.62,3.62,3.62,3.62,3.62,3.62,3.62,3.62,3.62,3.62,3.62,3.62,3.62,3.62,3.62,3.62,3.62
11/28/2016,3.48,3.44,3.44,3.44,3.42,3.42,3.53,3.53,3.64,3.64,3.64,3.64,3.64,3.64,3.64,3.64,3.64,3.64,3.64,3.64,3.64,3.64,3.64,3.64,3.64,3.64,3.64,3.64,3.64,3.64,3.64,3.64,3.64,3.64,3.64,3.64,3.64,3.64,3.64,3.64,3.64,3.64,3.64,3.64,3.64,3.64,3.64,3.64,3.64,3.64
12/5/2016,3.47,3.44,3.43,3.43,3.43,3.43,3.54,3.54,3.65,3.65,3.65,3.65,3.65,3.65,3.65,3.65,3.65,3.65,3.65,3.65,3.65,3.65,3.65,3.65,3.65,3.65,3.65,3.65,3.65,3.65,3.65,3.65,3.65,3.65,3.65,3.65,3.65,3.65,3.65,3.65,3.65,3.65,3.65,3.65,3.65,3.65,3.65,3.65,3.65,3.65
12/12/2016,3.5,3.48,3.47,3.47,3.47,3.47,3.58,3.58,3.7,3.7,3.7,3.7,3.7,3.7,3.7,3.7,3.7,3.7,3.7,3.7,3.7,3.7,3.7,3.7,3.7,3.7,3.7,3.7,3.7,3.7,3.7,3.7,3.7,3.7,3.7,3.7,3.7,3.7,3.7,3.7,3.7,3.7,3.7,3.7,3.7,3.7,3.7,3.7,3.7,3.7
12/19/2016,3.55,3.52,3.51,3.51,3.5,3.5,3.61,3.61,3.73,3.73,3.73,3.73,3.73,3.73,3.73,3.73,3.73,3.73,3.73,3.73,3.73,3.73,3.73,3.73,3.73,3.73,3.73,3.73,3.73,3.73,3.73,3.73,3.73,3.73,3.73,3.73,3.73,3.73,3.73,3.73,3.73,3.73,3.73,3.73,3.73,3.73,3.73,3.73,3.73,3.73
12/26/2016,3.58,3.55,3.56,3.56,3.55,3.55,3.67,3.67,3.79,3.79,3.79,3.79,3.79,3.79,3.79,3.79,3.79,3.79,3.79,3.79,3.79,3.79,3.79,3.79,3.79,3.79,3.79,3.79,3.79,3.79,3.79,3.79,3.79,3.79,3.79,3.79,3.79,3.79,3.79,3.79,3.79,3.79,3.79,3.79,3.79,3.79,3.79,3.79,3.79,3.79
